{"row": [[[0.0, 3.560830860534125], [477.86350148367956, 3.560830860534125], [477.86350148367956, 22.7893175074184], [0.0, 22.7893175074184]], [[0.0, 22.7893175074184], [478.5756676557864, 22.7893175074184], [478.5756676557864, 39.8813056379822], [0.0, 39.8813056379822]], [[0.0, 39.8813056379822], [479.2878338278932, 39.8813056379822], [479.2878338278932, 57.68545994065283], [0.0, 57.68545994065283]], [[-0.712166172106825, 57.68545994065283], [478.5756676557864, 57.68545994065283], [478.5756676557864, 79.05044510385757], [-0.712166172106825, 79.05044510385757]], [[-0.712166172106825, 79.05044510385757], [477.86350148367956, 79.05044510385757], [477.86350148367956, 97.56676557863503], [-0.712166172106825, 97.56676557863503]], [[-0.712166172106825, 97.56676557863503], [478.5756676557864, 97.56676557863503], [478.5756676557864, 111.0979228486647], [-0.712166172106825, 111.0979228486647]], [[-0.712166172106825, 111.0979228486647], [477.86350148367956, 111.0979228486647], [477.86350148367956, 127.47774480712167], [-0.712166172106825, 127.47774480712167]], [[-0.712166172106825, 127.47774480712167], [478.5756676557864, 127.47774480712167], [478.5756676557864, 139.5845697329377], [-0.712166172106825, 139.5845697329377]], [[0.0, 141.00890207715133], [478.5756676557864, 141.00890207715133], [478.5756676557864, 157.38872403560833], [0.0, 157.38872403560833]], [[0.0, 158.10089020771514], [479.2878338278932, 158.10089020771514], [479.2878338278932, 173.05637982195847], [0.0, 173.05637982195847]]], "col": [[[-0.712166172106825, 1.42433234421365], [145.2818991097923, 1.42433234421365], [145.2818991097923, 171.63204747774483], [-0.712166172106825, 171.63204747774483]], [[147.41839762611278, 1.42433234421365], [218.63501483679528, 1.42433234421365], [218.63501483679528, 171.63204747774483], [147.41839762611278, 171.63204747774483]], [[219.34718100890208, 2.136498516320475], [294.83679525222556, 2.136498516320475], [294.83679525222556, 171.63204747774483], [219.34718100890208, 171.63204747774483]], [[293.4124629080119, 2.8486646884273], [326.88427299703267, 2.8486646884273], [326.88427299703267, 171.63204747774483], [293.4124629080119, 171.63204747774483]], [[326.88427299703267, 6.4094955489614245], [388.1305637982196, 6.4094955489614245], [388.1305637982196, 172.34421364985164], [326.88427299703267, 172.34421364985164]], [[388.84272997032645, 2.8486646884273], [444.3916913946588, 2.8486646884273], [444.3916913946588, 172.34421364985164], [388.84272997032645, 172.34421364985164]], [[443.67952522255194, 4.27299703264095], [478.5756676557864, 4.27299703264095], [478.5756676557864, 172.34421364985164], [443.67952522255194, 172.34421364985164]]], "line": [[[-0.712166172106825, 7.833827893175075], [19.228486646884274, 7.833827893175075], [19.228486646884274, 19.228486646884274], [-0.712166172106825, 19.228486646884274]], [[0.0, 27.06231454005935], [6.4094955489614245, 27.06231454005935], [6.4094955489614245, 37.032640949554896], [0.0, 37.032640949554896]], [[-0.712166172106825, 44.86646884272997], [5.6973293768546, 44.86646884272997], [5.6973293768546, 56.261127596439174], [-0.712166172106825, 56.261127596439174]], [[-0.712166172106825, 63.382789317507424], [7.12166172106825, 63.382789317507424], [7.12166172106825, 75.48961424332344], [-0.712166172106825, 75.48961424332344]], [[0.0, 83.32344213649853], [8.5459940652819, 83.32344213649853], [8.5459940652819, 93.29376854599407], [0.0, 93.29376854599407]], [[0.0, 98.99109792284867], [6.4094955489614245, 98.99109792284867], [6.4094955489614245, 108.2492581602374], [0.0, 108.2492581602374]], [[-0.712166172106825, 115.37091988130565], [5.6973293768546, 115.37091988130565], [5.6973293768546, 124.62908011869438], [-0.712166172106825, 124.62908011869438]], [[0.0, 130.32640949554897], [7.12166172106825, 130.32640949554897], [7.12166172106825, 140.29673590504453], [0.0, 140.29673590504453]], [[-0.712166172106825, 145.2818991097923], [5.6973293768546, 145.2818991097923], [5.6973293768546, 154.54005934718103], [-0.712166172106825, 154.54005934718103]], [[-0.712166172106825, 160.94955489614244], [6.4094955489614245, 160.94955489614244], [6.4094955489614245, 170.919881305638], [-0.712166172106825, 170.919881305638]], [[147.41839762611278, 8.5459940652819], [188.0118694362018, 8.5459940652819], [188.0118694362018, 19.9406528189911], [147.41839762611278, 19.9406528189911]], [[146.70623145400594, 27.06231454005935], [205.10385756676558, 27.06231454005935], [205.10385756676558, 38.45697329376855], [146.70623145400594, 38.45697329376855]], [[147.41839762611278, 44.86646884272997], [214.3620178041543, 44.86646884272997], [214.3620178041543, 55.54896142433235], [147.41839762611278, 55.54896142433235]], [[145.9940652818991, 64.09495548961425], [215.78635014836797, 64.09495548961425], [215.78635014836797, 76.9139465875371], [145.9940652818991, 76.9139465875371]], [[146.70623145400594, 81.89910979228488], [177.32937685459942, 81.89910979228488], [177.32937685459942, 94.0059347181009], [146.70623145400594, 94.0059347181009]], [[146.70623145400594, 98.27893175074185], [187.29970326409497, 98.27893175074185], [187.29970326409497, 108.96142433234422], [146.70623145400594, 108.96142433234422]], [[146.70623145400594, 113.23442136498517], [168.0712166172107, 113.23442136498517], [168.0712166172107, 125.3412462908012], [146.70623145400594, 125.3412462908012]], [[147.41839762611278, 129.61424332344214], [185.8753709198813, 129.61424332344214], [185.8753709198813, 141.00890207715133], [147.41839762611278, 141.00890207715133]], [[148.13056379821958, 144.56973293768547], [166.64688427299706, 144.56973293768547], [166.64688427299706, 155.96439169139467], [148.13056379821958, 155.96439169139467]], [[224.33234421364986, 7.833827893175075], [263.5014836795252, 7.833827893175075], [263.5014836795252, 20.652818991097924], [224.33234421364986, 20.652818991097924]], [[223.62017804154306, 25.637982195845698], [279.1691394658754, 25.637982195845698], [279.1691394658754, 38.45697329376855], [223.62017804154306, 38.45697329376855]], [[224.33234421364986, 45.5786350148368], [277.7448071216617, 45.5786350148368], [277.7448071216617, 55.54896142433235], [224.33234421364986, 55.54896142433235]], [[223.62017804154306, 64.80712166172107], [279.1691394658754, 64.80712166172107], [279.1691394658754, 74.77744807121663], [223.62017804154306, 74.77744807121663]], [[223.62017804154306, 81.89910979228488], [244.27299703264097, 81.89910979228488], [244.27299703264097, 94.71810089020772], [223.62017804154306, 94.71810089020772]], [[224.33234421364986, 96.8545994065282], [240.00000000000003, 96.8545994065282], [240.00000000000003, 111.0979228486647], [224.33234421364986, 111.0979228486647]], [[224.33234421364986, 128.90207715133533], [275.6083086053413, 128.90207715133533], [275.6083086053413, 140.29673590504453], [224.33234421364986, 140.29673590504453]], [[225.0445103857567, 143.14540059347183], [265.6379821958457, 143.14540059347183], [265.6379821958457, 155.25222551928783], [225.0445103857567, 155.25222551928783]], [[302.6706231454006, 8.5459940652819], [325.459940652819, 8.5459940652819], [325.459940652819, 19.9406528189911], [302.6706231454006, 19.9406528189911]], [[303.38278931750745, 26.350148367952524], [315.48961424332344, 26.350148367952524], [315.48961424332344, 37.032640949554896], [303.38278931750745, 37.032640949554896]], [[303.38278931750745, 44.154302670623146], [314.06528189910983, 44.154302670623146], [314.06528189910983, 56.261127596439174], [303.38278931750745, 56.261127596439174]], [[302.6706231454006, 64.09495548961425], [314.06528189910983, 64.09495548961425], [314.06528189910983, 75.48961424332344], [302.6706231454006, 75.48961424332344]], [[301.9584569732938, 82.6112759643917], [313.353115727003, 82.6112759643917], [313.353115727003, 92.58160237388725], [301.9584569732938, 92.58160237388725]], [[301.9584569732938, 98.27893175074185], [314.06528189910983, 98.27893175074185], [314.06528189910983, 108.96142433234422], [301.9584569732938, 108.96142433234422]], 