{"row": [[[0.0, 0.0], [478.8419782870929, 0.0], [478.8419782870929, 13.317249698431846], [0.0, 13.317249698431846]], [[0.0, 13.896260554885405], [478.8419782870929, 13.896260554885405], [478.8419782870929, 28.950542822677928], [0.0, 28.950542822677928]], [[0.0, 28.950542822677928], [479.4209891435465, 28.950542822677928], [479.4209891435465, 53.268998793727384], [0.0, 53.268998793727384]], [[0.0, 53.84800965018094], [479.4209891435465, 53.84800965018094], [479.4209891435465, 96.69481302774427], [0.0, 96.69481302774427]], [[0.0, 97.27382388419784], [479.4209891435465, 97.27382388419784], [479.4209891435465, 137.80458383594694], [0.0, 137.80458383594694]], [[0.0, 137.80458383594694], [479.4209891435465, 137.80458383594694], [479.4209891435465, 155.1749095295537], [0.0, 155.1749095295537]]], "col": [[[0.0, 0.0], [112.32810615199035, 0.5790108564535585], [111.17008443908324, 155.1749095295537], [0.0, 155.75392038600725]], [[0.5790108564535585, 0.5790108564535585], [-0.5790108564535585, 13.896260554885405], [111.17008443908324, 13.896260554885405], [111.17008443908324, 155.75392038600725], [173.70325693606756, 156.3329312424608], [173.70325693606756, 0.5790108564535585]], [[0.0, 0.0], [0.0, 13.317249698431846], [173.124246079614, 13.317249698431846], [174.2822677925211, 155.75392038600725], [218.28709288299157, 155.75392038600725], [215.39203860072377, 0.0]], [[-0.5790108564535585, 0.0], [0.5790108564535585, 13.317249698431846], [215.97104945717734, 13.896260554885405], [218.86610373944512, 155.1749095295537], [269.24004825090475, 155.75392038600725], [268.66103739445117, 0.0]], [[0.0, 0.0], [-0.5790108564535585, 13.896260554885405], [268.66103739445117, 13.896260554885405], [269.81905910735827, 156.91194209891435], [313.2448733413752, 156.3329312424608], [311.5078407720145, 0.5790108564535585]], [[0.0, 0.0], [-0.5790108564535585, 13.317249698431846], [311.5078407720145, 13.896260554885405], [313.8238841978287, 156.3329312424608], [375.1990349819059, 156.3329312424608], [369.9879372738239, 0.5790108564535585]], [[0.0, 0.0], [-0.5790108564535585, 13.896260554885405], [370.56694813027747, 14.475271411338964], [375.1990349819059, 155.75392038600725], [478.8419782870929, 155.75392038600725], [478.2629674306394, 0.5790108564535585]]], "line": [[[1.7370325693606756, 1.7370325693606756], [89.74668275030157, 1.7370325693606756], [89.74668275030157, 11.001206272617612], [1.7370325693606756, 11.001206272617612]], [[1.158021712907117, 16.791314837153198], [111.7490952955368, 16.791314837153198], [111.7490952955368, 26.055488540410135], [1.158021712907117, 26.055488540410135]], [[114.6441495778046, 17.370325693606755], [164.43908323281062, 17.370325693606755], [164.43908323281062, 26.634499396863692], [114.6441495778046, 26.634499396863692]], [[177.17732207478892, 16.791314837153198], [204.96984318455972, 16.791314837153198], [204.96984318455972, 26.055488540410135], [177.17732207478892, 26.055488540410135]], [[221.76115802171293, 16.212303980699637], [254.1857659831122, 16.212303980699637], [254.1857659831122, 25.476477683956574], [221.76115802171293, 25.476477683956574]], [[272.71411338962605, 16.791314837153198], [300.5066344993969, 16.791314837153198], [300.5066344993969, 26.634499396863692], [272.71411338962605, 26.634499396863692]], [[318.4559710494572, 16.212303980699637], [343.35343787696024, 16.212303980699637], [343.35343787696024, 26.634499396863692], [318.4559710494572, 26.634499396863692]], [[378.6731001206273, 16.791314837153198], [472.47285886610376, 16.791314837153198], [472.47285886610376, 26.055488540410135], [378.6731001206273, 26.055488540410135]], [[114.6441495778046, 31.84559710494572], [150.54282267792522, 31.84559710494572], [150.54282267792522, 42.267792521109776], [114.6441495778046, 42.267792521109776]], [[176.0193003618818, 31.84559710494572], [193.9686369119421, 31.84559710494572], [193.9686369119421, 41.109770808202654], [176.0193003618818, 41.109770808202654]], [[222.91917973462003, 31.84559710494572], [254.1857659831122, 31.84559710494572], [254.1857659831122, 41.109770808202654], [222.91917973462003, 41.109770808202654]], [[272.71411338962605, 31.26658624849216], [304.5597104945718, 31.26658624849216], [304.5597104945718, 41.109770808202654], [272.71411338962605, 41.109770808202654]], [[317.29794933655006, 31.26658624849216], [342.1954161640531, 31.26658624849216], [342.1954161640531, 41.109770808202654], [317.29794933655006, 41.109770808202654]], [[380.41013268998796, 32.424607961399275], [403.5705669481303, 32.424607961399275], [403.5705669481303, 41.68878166465622], [380.41013268998796, 41.68878166465622]], [[114.6441495778046, 42.267792521109776], [129.6984318455971, 42.267792521109776], [129.6984318455971, 51.53196622436671], [114.6441495778046, 51.53196622436671]], [[112.90711700844392, 57.3220747889023], [152.85886610373944, 57.3220747889023], [152.85886610373944, 66.00723763570568], [112.90711700844392, 66.00723763570568]], [[176.0193003618818, 56.743063932448734], [200.9167671893848, 56.743063932448734], [200.9167671893848, 65.42822677925211], [176.0193003618818, 65.42822677925211]], [[222.91917973462003, 56.743063932448734], [240.2895054282268, 56.743063932448734], [240.2895054282268, 65.42822677925211], [222.91917973462003, 65.42822677925211]], [[272.1351025331725, 56.743063932448734], [281.39927623642944, 56.743063932448734], [281.39927623642944, 66.58624849215923], [272.1351025331725, 66.58624849215923]], [[317.87696019300364, 57.901085645355856], [337.5633293124246, 57.901085645355856], [337.5633293124246, 64.84921592279855], [317.87696019300364, 64.84921592279855]], [[378.6731001206273, 57.3220747889023], [405.88661037394456, 57.3220747889023], [405.88661037394456, 66.00723763570568], [378.6731001206273, 66.00723763570568]], [[112.90711700844392, 66.58624849215923], [153.43787696019302, 66.58624849215923], [153.43787696019302, 75.27141133896261], [112.90711700844392, 75.27141133896261]], [[318.4559710494572, 66.58624849215923], [331.1942098914355, 66.58624849215923], [331.1942098914355, 75.85042219541617], [318.4559710494572, 75.85042219541617]], [[113.48612786489747, 76.42943305186972], [131.43546441495778, 76.42943305186972], [131.43546441495778, 85.69360675512667], [113.48612786489747, 85.69360675512667]], [[317.87696019300364, 77.58745476477685], [336.4053075995175, 77.58745476477685], [336.4053075995175, 86.27261761158022], [317.87696019300364, 86.27261761158022]], [[379.8311218335344, 67.16525934861279], [401.25452352231605, 67.16525934861279], [401.25452352231605, 74.69240048250906], [379.8311218335344, 74.69240048250906]], [[380.41013268998796, 77.00844390832329], [389.09529553679135, 77.00844390832329], [389.09529553679135, 86.27261761158022], [380.41013268998796, 86.27261761158022]], [[113.48612786489747, 97.85283474065139], [152.85886610373944, 97.85283474065139], [152.85886610373944, 107.69601930036188], [113.48612786489747, 107.69601930036188]], [[175.44028950542824, 97.85283474065139], [199.75874547647769, 97.85283474065139], [199.75874547647769, 107.11700844390833], [175.44028950542824, 107.11700844390833]], [[221.76115802171293, 98.43184559710495], [239.71049457177324, 98.43184559710495], [239.71049457177324, 107.11700844390833], [221.76115802171293, 107.11700844390833]], [[272.71411338962605, 97.85283474065139], [281.978287092883, 97.85283474065139], [281.978287092883, 107.11700844390833], [272.71411338962605, 107.11700844390833]], [[319.03498190591074, 87.43063932448734], [328.2991556091677, 87.43063932448734], [328.2991556091677, 95.53679131483716], [319.03498190591074, 95.53679131483716]], [[378.6731001206273, 99.01085645355852], [405.307599517491, 99.01085645355852], [405.307599517491, 107.69601930036188], [378.6731001206273, 107.69601930036188]], [[318.4559710494572, 99.01085645355852], [336.4053075995175, 99.01085645355852], [336.4053075995175, 107.69601930036188], [318.4559710494572, 107.69601930036188]], [[379.25211097708086, 108.85404101326901], [401.25452352231605, 108.85404101326901], 