{"row": [[[0.0, 139.284], [0.0, 271.89], [70.596, 272.844], [70.596, 183.168], [337.716, 183.168], [475.092, 183.168], [476.046, 139.284]], [[-0.954, 138.32999999999998], [0.0, 271.89], [70.596, 273.798], [69.642, 217.512], [475.092, 220.374], [475.092, 183.168], [70.596, 183.168], [69.642, 139.284]], [[0.0, 138.32999999999998], [0.0, 270.936], [71.55, 272.844], [476.046, 272.844], [476.046, 221.328], [70.596, 218.46599999999998], [70.596, 139.284]], [[71.55, 273.798], [70.596, 144.054], [0.954, 138.32999999999998], [0.954, 295.74], [475.092, 299.556], [475.092, 271.89]], [[0.954, 295.74], [-0.954, 393.048], [70.596, 394.95599999999996], [69.642, 320.544], [475.092, 322.452], [475.092, 299.556], [69.642, 298.602], [48.653999999999996, 292.878]], [[2.862, 294.786], [0.954, 393.048], [69.642, 394.002], [69.642, 343.44], [475.092, 347.256], [475.092, 324.36], [70.596, 319.59], [69.642, 296.69399999999996]], [[1.908, 292.878], [0.954, 392.094], [71.55, 394.002], [70.596, 367.28999999999996], [476.046, 372.06], [475.092, 347.256], [145.962, 343.44], [70.596, 342.486], [67.734, 295.74]], [[2.862, 295.74], [0.954, 393.048], [70.596, 394.002], [474.138, 398.772], [474.138, 373.014], [195.57, 368.24399999999997], [69.642, 365.382], [68.688, 295.74]], [[-0.954, 392.094], [0.0, 444.56399999999996], [69.642, 444.56399999999996], [69.642, 418.806], [474.138, 423.57599999999996], [474.138, 399.726], [71.55, 394.002]], [[-0.954, 393.048], [-0.954, 444.56399999999996], [474.138, 449.334], [475.092, 423.57599999999996], [70.596, 418.806], [69.642, 393.048]], [[0.0, 443.60999999999996], [0.0, 476.046], [475.092, 477.0], [474.138, 450.28799999999995], [134.51399999999998, 446.472]], [[0.0, 0.0], [474.138, 0.0], [474.138, 23.849999999999998], [0.0, 23.849999999999998]], [[-0.954, 24.804], [475.092, 24.804], [475.092, 48.653999999999996], [-0.954, 48.653999999999996]], [[0.954, 49.608], [475.092, 49.608], [475.092, 75.366], [0.954, 75.366]], [[0.954, 75.366], [474.138, 75.366], [474.138, 95.39999999999999], [0.954, 95.39999999999999]], [[0.954, 97.30799999999999], [474.138, 97.30799999999999], [474.138, 121.158], [0.954, 121.158]], [[0.954, 121.158], [476.046, 121.158], [476.046, 140.238], [0.954, 140.238]]], "col": [[[0.0, -0.954], [474.138, 0.0], [476.046, 121.158], [69.642, 122.112], [70.596, 444.56399999999996], [473.18399999999997, 450.28799999999995], [475.092, 476.046], [-0.954, 476.046]], [[0.954, -0.954], [474.138, -0.954], [476.046, 124.02], [117.342, 122.112], [117.342, 444.56399999999996], [473.18399999999997, 449.334], [475.092, 476.046], [-0.954, 476.046], [-0.954, 444.56399999999996], [68.688, 445.518], [68.688, 122.112], [-0.954, 122.112]], [[0.954, -2.862], [473.18399999999997, -2.862], [475.092, 124.02], [321.498, 122.112], [320.544, 447.426], [473.18399999999997, 448.38], [475.092, 475.092], [0.0, 476.046], [0.0, 443.60999999999996], [118.29599999999999, 445.518], [116.38799999999999, 120.204], [0.954, 122.112]], [[0.954, -2.862], [475.092, -0.954], [475.092, 475.092], [-0.954, 478.90799999999996], [0.0, 442.656], [320.544, 447.426], [322.452, 122.112], [-0.954, 121.158]]], "line": [[[3.816, 4.77], [80.136, 4.77], [80.136, 20.988], [3.816, 20.988]], [[1.908, 28.619999999999997], [178.398, 28.619999999999997], [178.398, 45.792], [1.908, 45.792]], [[2.862, 54.378], [104.94, 54.378], [104.94, 70.596], [2.862, 70.596]], [[2.862, 79.182], [104.94, 79.182], [104.94, 95.39999999999999], [2.862, 95.39999999999999]], [[1.908, 99.216], [81.09, 99.216], [81.09, 117.342], [1.908, 117.342]], [[79.182, 120.204], [103.98599999999999, 120.204], [103.98599999999999, 137.376], [79.182, 137.376]], [[78.228, 145.962], [87.768, 145.962], [87.768, 161.226], [78.228, 161.226]], [[1.908, 145.00799999999998], [53.424, 145.00799999999998], [53.424, 162.18], [1.908, 162.18]], [[134.51399999999998, 121.158], [186.98399999999998, 121.158], [186.98399999999998, 136.422], [134.51399999999998, 136.422]], [[132.606, 145.00799999999998], [261.396, 145.00799999999998], [261.396, 161.226], [132.606, 161.226]], [[76.32, 187.938], [87.768, 187.938], [87.768, 201.29399999999998], [76.32, 201.29399999999998]], [[134.51399999999998, 186.03], [317.68199999999996, 186.03], [317.68199999999996, 202.248], [134.51399999999998, 202.248]], [[135.468, 203.202], [164.088, 203.202], [164.088, 217.512], [135.468, 217.512]], [[132.606, 221.328], [210.834, 221.328], [210.834, 237.546], [132.606, 237.546]], [[76.32, 221.328], [89.676, 221.328], [89.676, 237.546], [76.32, 237.546]], [[77.274, 277.614], [87.768, 277.614], [87.768, 293.832], [77.274, 293.832]], [[2.862, 302.418], [53.424, 302.418], [53.424, 318.63599999999997], [2.862, 318.63599999999997]], [[76.32, 304.32599999999996], [89.676, 304.32599999999996], [89.676, 318.63599999999997], [76.32, 318.63599999999997]], [[77.274, 324.36], [89.676, 324.36], [89.676, 339.62399999999997], [77.274, 339.62399999999997]], [[76.32, 350.118], [86.814, 350.118], [86.814, 364.428], [76.32, 364.428]], [[3.816, 397.818], [55.332, 397.818], [55.332, 414.036], [3.816, 414.036]], [[77.274, 373.96799999999996], [89.676, 373.96799999999996], [89.676, 389.23199999999997], [77.274, 389.23199999999997]], [[77.274, 398.772], [88.722, 398.772], [88.722, 414.99], [77.274, 414.99]], [[78.228, 424.53], [95.39999999999999, 424.53], [95.39999999999999, 438.84], [78.228, 438.84]], [[3.816, 448.38], [240.408, 448.38], [240.408, 465.55199999999996], [3.816, 465.55199999999996]], [[134.51399999999998, 421.668], [199.386, 421.668], [199.386, 438.84], [134.51399999999998, 438.84]], [[133.56, 399.726], [199.386, 399.726], [199.386, 414.99], [133.56, 414.99]], [[133.56, 373.96799999999996], [225.14399999999998, 373.96799999999996], [225.14399999999998, 390.186], [133.56, 390.186]], [[134.51399999999998, 347.256], [235.63799999999998, 347.256], [235.63799999999998, 363.474], [134.51399999999998, 363.474]], [[133.56, 323.406], [248.994, 323.406], [248.994, 339.62399999999997], [133.56, 339.62399999999997]], [[132.606, 302.418], [222.28199999999998, 302.418], [222.28199999999998, 318.63599999999997], [132.606, 318.63599999999997]], [[133.56, 276.65999999999997], [272.844, 276.65999999999997], [272.844, 295.74], [133.56, 295.74]], [[337.716, 145.00799999999998], [418.806, 145.00799999999998], [418.806, 161.226], [337.716, 161.226]], [[340.578, 162.18], [417.852, 162.18], [417.852, 180.30599999999998], [340.578, 180.30599999999998]], [[339.62399999999997, 186.03], [417.852, 186.03], [417.852, 201.29399999999998], [339.62399999999997, 201.29399999999998]], [[340.578, 201.29399999999998], [416.89799999999997, 201.29399999999998], [416.89799999999997, 217.512], [340.578, 217.512]], [[339.62399999999997, 222.28199999999998], [416.89799999999997, 222.28199999999998], [416.89799999999997, 236.59199999999998], [339.62399999999997, 236.59199999999998]], [[341.532, 238.5], [416.89799999999997, 238.5], [416.89799999999997, 252.81], [341.532, 252.81]], [[341.532, 255.672], [416.89799999999997, 255.672], [416.89799999999997, 270.936], [341.532, 270.936]], [[340.578, 278.568], [417.852, 278.568], [417.852, 295.74], [340.578, 295.74]], [[341.532, 303.372], [417.852, 303.372], [417.852, 319.59], [341.532, 319.59]], [[340.578, 325.31399999999996], [416.89799999999997, 325.31399999999996], [416.89799999999997, 340.578], [340.578, 340.578]], [[341.532, 347.256], [417.852, 347.256], [417.852, 365.382], [341.532, 365.382]], [[340.578, 373.96799999999996], [418.806, 373.96799999999996], [418.806, 389.23199999999997], [340.578, 389.23199999999997]], [[336.762, 399.726], [423.57599999999996, 399.726], [423.57599999999996, 416.89799999999997], [336.762, 416.89799999999997]]], "cell": [], "is_wireless": true}