{"row": [[[0.0, 236.28227194492254], [479.17383820998276, 237.93459552495696], [480.0, 256.1101549053356], [237.10843373493975, 254.45783132530119], [237.10843373493975, 271.8072289156626], [0.0, 270.98106712564544]], [[-0.8261617900172117, 236.28227194492254], [237.10843373493975, 236.28227194492254], [236.28227194492254, 255.28399311531842], [480.0, 254.45783132530119], [480.0, 271.8072289156626], [0.0, 270.98106712564544]], [[-0.8261617900172117, 270.98106712564544], [478.3476764199656, 273.45955249569704], [479.17383820998276, 289.1566265060241], [0.0, 291.6351118760757]], [[-0.8261617900172117, 290.80895008605853], [480.0, 289.1566265060241], [479.17383820998276, 309.8106712564544], [-0.8261617900172117, 306.50602409638554]], [[-0.8261617900172117, 307.3321858864027], [479.17383820998276, 309.8106712564544], [479.17383820998276, 322.20309810671256], [0.0, 323.02925989672974]], [[0.8261617900172117, -0.8261617900172117], [479.17383820998276, -0.8261617900172117], [479.17383820998276, 28.089500860585197], [0.8261617900172117, 28.089500860585197]], [[0.0, 28.089500860585197], [480.0, 28.089500860585197], [480.0, 47.091222030981065], [0.0, 47.091222030981065]], [[0.0, 46.265060240963855], [478.3476764199656, 46.265060240963855], [478.3476764199656, 82.61617900172116], [0.0, 82.61617900172116]], [[-0.8261617900172117, 83.44234079173837], [479.17383820998276, 83.44234079173837], [479.17383820998276, 99.96557659208261], [-0.8261617900172117, 99.96557659208261]], [[0.0, 99.96557659208261], [479.17383820998276, 99.96557659208261], [479.17383820998276, 118.14113597246127], [0.0, 118.14113597246127]], [[-0.8261617900172117, 118.96729776247848], [478.3476764199656, 118.96729776247848], [478.3476764199656, 148.7091222030981], [-0.8261617900172117, 148.7091222030981]], [[0.8261617900172117, 148.7091222030981], [477.52151462994834, 148.7091222030981], [477.52151462994834, 171.84165232358004], [0.8261617900172117, 171.84165232358004]], [[0.8261617900172117, 171.84165232358004], [478.3476764199656, 171.84165232358004], [478.3476764199656, 199.93115318416523], [0.8261617900172117, 199.93115318416523]], [[-0.8261617900172117, 199.93115318416523], [478.3476764199656, 199.93115318416523], [478.3476764199656, 217.28055077452666], [-0.8261617900172117, 217.28055077452666]], [[0.0, 216.45438898450945], [479.17383820998276, 216.45438898450945], [479.17383820998276, 235.45611015490533], [0.0, 235.45611015490533]]], "col": [[[0.0, -1.6523235800344234], [218.9328743545611, -1.6523235800344234], [218.9328743545611, 322.20309810671256], [0.0, 322.20309810671256]], [[218.1067125645439, 0.0], [347.8141135972461, 0.0], [347.8141135972461, 322.20309810671256], [218.1067125645439, 322.20309810671256]], [[348.64027538726333, 0.8261617900172117], [479.17383820998276, 0.8261617900172117], [479.17383820998276, 322.20309810671256], [348.64027538726333, 322.20309810671256]]], "line": [[[10.740103270223752, 10.740103270223752], [164.40619621342512, 10.740103270223752], [164.40619621342512, 26.437177280550774], [10.740103270223752, 26.437177280550774]], [[246.1962134251291, 8.261617900172118], [283.3734939759036, 8.261617900172118], [283.3734939759036, 25.61101549053356], [246.1962134251291, 25.61101549053356]], [[370.946643717728, 10.740103270223752], [403.9931153184165, 10.740103270223752], [403.9931153184165, 24.78485370051635], [370.946643717728, 24.78485370051635]], [[367.6419965576592, 28.91566265060241], [399.86230636833045, 28.91566265060241], [399.86230636833045, 42.1342512908778], [367.6419965576592, 42.1342512908778]], [[369.2943201376936, 47.091222030981065], [402.3407917383821, 47.091222030981065], [402.3407917383821, 60.30981067125645], [369.2943201376936, 60.30981067125645]], [[247.0223752151463, 29.74182444061962], [284.1996557659208, 29.74182444061962], [284.1996557659208, 42.96041308089501], [247.0223752151463, 42.96041308089501]], [[244.54388984509467, 46.265060240963855], [298.2444061962134, 46.265060240963855], [298.2444061962134, 62.78829604130809], [244.54388984509467, 62.78829604130809]], [[11.566265060240964, 30.567986230636834], [156.14457831325302, 30.567986230636834], [156.14457831325302, 43.78657487091222], [11.566265060240964, 43.78657487091222]], [[10.740103270223752, 47.917383820998275], [111.53184165232358, 47.917383820998275], [111.53184165232358, 63.614457831325296], [10.740103270223752, 63.614457831325296]], [[9.91394148020654, 66.09294320137694], [114.01032702237521, 66.09294320137694], [114.01032702237521, 81.79001721170395], [9.91394148020654, 81.79001721170395]], [[12.392426850258175, 80.96385542168674], [113.184165232358, 80.96385542168674], [113.184165232358, 99.1394148020654], [12.392426850258175, 99.1394148020654]], [[11.566265060240964, 103.27022375215147], [150.36144578313252, 103.27022375215147], [150.36144578313252, 116.48881239242685], [11.566265060240964, 116.48881239242685]], [[12.392426850258175, 119.79345955249569], [158.62306368330465, 119.79345955249569], [158.62306368330465, 135.49053356282272], [12.392426850258175, 135.49053356282272]], [[10.740103270223752, 152.01376936316694], [181.75559380378658, 152.01376936316694], [181.75559380378658, 167.71084337349396], [10.740103270223752, 167.71084337349396]], [[10.740103270223752, 170.18932874354562], [37.177280550774526, 170.18932874354562], [37.177280550774526, 184.2340791738382], [10.740103270223752, 184.2340791738382]], [[11.566265060240964, 185.88640275387263], [46.265060240963855, 185.88640275387263], [46.265060240963855, 199.10499139414802], [11.566265060240964, 199.10499139414802]], [[11.566265060240964, 199.93115318416523], [118.96729776247848, 199.93115318416523], [118.96729776247848, 215.62822719449224], [11.566265060240964, 215.62822719449224]], [[11.566265060240964, 218.9328743545611], [78.48537005163512, 218.9328743545611], [78.48537005163512, 232.9776247848537], [11.566265060240964, 232.9776247848537]], [[11.566265060240964, 237.93459552495696], [90.87779690189329, 237.93459552495696], [90.87779690189329, 251.97934595524956], [11.566265060240964, 251.97934595524956]], [[11.566265060240964, 273.45955249569704], [131.35972461273667, 273.45955249569704], [131.35972461273667, 287.5043029259897], [11.566265060240964, 287.5043029259897]], [[10.740103270223752, 292.46127366609295], [52.04819277108434, 292.46127366609295], [52.04819277108434, 305.6798623063683], [10.740103270223752, 305.6798623063683]], [[9.91394148020654, 306.50602409638554], [50.39586919104991, 306.50602409638554], [50.39586919104991, 320.55077452667814], [9.91394148020654, 320.55077452667814]], [[244.54388984509467, 85.09466437177281], [286.67814113597245, 85.09466437177281], [286.67814113597245, 97.48709122203098], [244.54388984509467, 97.48709122203098]], [[247.0223752151463, 101.61790017211703], [275.9380378657487, 101.61790017211703], [275.9380378657487, 115.66265060240964], [247.0223752151463, 115.66265060240964]], [[245.37005163511188, 119.79345955249569], [308.98450946643715, 119.79345955249569], [308.98450946643715, 133.0120481927711], [245.37005163511188, 133.0120481927711]], [[245.37005163511188, 132.18588640275388], [289.1566265060241, 132.18588640275388], [289.1566265060241, 148.7091222030981], [245.37005163511188, 148.7091222030981]], [[245.37005163511188, 151.18760757314973], [289.1566265060241, 151.18760757314973], [289.1566265060241, 166.05851979345954], [245.37005163511188, 166.05851979345954]], [[247.8485370051635, 171.01549053356283], [285.02581755593803, 171.01549053356283], [285.02581755593803, 187.53872633390705], [247.8485370051635, 187.53872633390705]], [[370.946643717728, 83.44234079173837], [404.8192771084337, 83.44234079173837], [404.8192771084337, 97.48709122203098], [370.946643717728, 97.48709122203098]], [[370.12048192771084, 101.61790017211703], [406.47160068846813, 101.61790017211703], [406.47160068846813, 115.66265060240964], [370.12048192771084, 115.66265060240964]], [[368.4681583476764, 121.44578313253012], [401.51462994836487, 121.44578313253012], [401.51462994836487, 