{"row": [[[0.0, -0.7142857142857143], [478.57142857142856, -0.7142857142857143], [478.57142857142856, 17.142857142857142], [0.0, 17.142857142857142]], [[-0.7142857142857143, 17.142857142857142], [477.8571428571429, 17.142857142857142], [477.8571428571429, 33.57142857142857], [-0.7142857142857143, 33.57142857142857]], [[-0.7142857142857143, 33.57142857142857], [477.8571428571429, 33.57142857142857], [477.8571428571429, 48.57142857142857], [-0.7142857142857143, 48.57142857142857]], [[-0.7142857142857143, 48.57142857142857], [477.8571428571429, 48.57142857142857], [477.8571428571429, 64.28571428571429], [-0.7142857142857143, 64.28571428571429]], [[-0.7142857142857143, 65.0], [477.8571428571429, 65.0], [477.8571428571429, 80.0], [-0.7142857142857143, 80.0]], [[0.0, 80.0], [477.8571428571429, 80.0], [477.8571428571429, 95.71428571428572], [0.0, 95.71428571428572]], [[-0.7142857142857143, 95.71428571428572], [478.57142857142856, 95.71428571428572], [478.57142857142856, 113.57142857142857], [-0.7142857142857143, 113.57142857142857]], [[-0.7142857142857143, 112.85714285714286], [478.57142857142856, 112.85714285714286], [478.57142857142856, 126.42857142857143], [-0.7142857142857143, 126.42857142857143]], [[-0.7142857142857143, 127.14285714285714], [478.57142857142856, 127.14285714285714], [478.57142857142856, 155.71428571428572], [-0.7142857142857143, 155.71428571428572]]], "col": [[[-0.7142857142857143, -0.7142857142857143], [42.85714285714286, -0.7142857142857143], [42.85714285714286, 156.42857142857144], [-0.7142857142857143, 156.42857142857144]], [[43.57142857142857, 0.7142857142857143], [144.28571428571428, 0.7142857142857143], [144.28571428571428, 157.14285714285714], [43.57142857142857, 157.14285714285714]], [[145.0, -0.7142857142857143], [200.71428571428572, -0.7142857142857143], [200.71428571428572, 156.42857142857144], [145.0, 156.42857142857144]], [[200.0, -0.7142857142857143], [269.2857142857143, -0.7142857142857143], [269.2857142857143, 156.42857142857144], [200.0, 156.42857142857144]], [[269.2857142857143, -0.7142857142857143], [328.57142857142856, -0.7142857142857143], [328.57142857142856, 156.42857142857144], [269.2857142857143, 156.42857142857144]], [[328.57142857142856, 0.0], [376.42857142857144, 0.0], [376.42857142857144, 156.42857142857144], [328.57142857142856, 156.42857142857144]], [[377.14285714285717, 0.0], [435.7142857142857, 0.0], [435.7142857142857, 156.42857142857144], [377.14285714285717, 156.42857142857144]], [[435.7142857142857, -0.7142857142857143], [478.57142857142856, -0.7142857142857143], [478.57142857142856, 156.42857142857144], [435.7142857142857, 156.42857142857144]]], "line": [[[1.4285714285714286, 4.285714285714286], [39.285714285714285, 4.285714285714286], [39.285714285714285, 15.714285714285715], [1.4285714285714286, 15.714285714285715]], [[58.57142857142857, 4.285714285714286], [115.0, 4.285714285714286], [115.0, 15.0], [58.57142857142857, 15.0]], [[148.57142857142858, 3.5714285714285716], [187.85714285714286, 3.5714285714285716], [187.85714285714286, 15.0], [148.57142857142858, 15.0]], [[205.71428571428572, 3.5714285714285716], [262.8571428571429, 3.5714285714285716], [262.8571428571429, 15.0], [205.71428571428572, 15.0]], [[276.42857142857144, 3.5714285714285716], [315.0, 3.5714285714285716], [315.0, 15.0], [276.42857142857144, 15.0]], [[332.8571428571429, 3.5714285714285716], [371.42857142857144, 3.5714285714285716], [371.42857142857144, 15.0], [332.8571428571429, 15.0]], [[388.57142857142856, 3.5714285714285716], [427.14285714285717, 3.5714285714285716], [427.14285714285717, 15.714285714285715], [388.57142857142856, 15.714285714285715]], [[443.57142857142856, 4.285714285714286], [465.0, 4.285714285714286], [465.0, 15.714285714285715], [443.57142857142856, 15.714285714285715]], [[445.0, 19.285714285714285], [456.42857142857144, 19.285714285714285], [456.42857142857144, 31.42857142857143], [445.0, 31.42857142857143]], [[443.57142857142856, 98.57142857142857], [455.0, 98.57142857142857], [455.0, 108.57142857142857], [443.57142857142856, 108.57142857142857]], [[388.57142857142856, 19.285714285714285], [417.8571428571429, 19.285714285714285], [417.8571428571429, 30.714285714285715], [388.57142857142856, 30.714285714285715]], [[388.57142857142856, 36.42857142857143], [417.8571428571429, 36.42857142857143], [417.8571428571429, 47.142857142857146], [388.57142857142856, 47.142857142857146]], [[388.57142857142856, 50.714285714285715], [418.57142857142856, 50.714285714285715], [418.57142857142856, 62.142857142857146], [388.57142857142856, 62.142857142857146]], [[389.2857142857143, 66.42857142857143], [417.8571428571429, 66.42857142857143], [417.8571428571429, 77.85714285714286], [389.2857142857143, 77.85714285714286]], [[387.14285714285717, 83.57142857142857], [419.2857142857143, 83.57142857142857], [419.2857142857143, 93.57142857142857], [387.14285714285717, 93.57142857142857]], [[389.2857142857143, 98.57142857142857], [417.14285714285717, 98.57142857142857], [417.14285714285717, 109.28571428571429], [389.2857142857143, 109.28571428571429]], [[389.2857142857143, 115.0], [417.8571428571429, 115.0], [417.8571428571429, 124.28571428571429], [389.2857142857143, 124.28571428571429]], [[390.0, 130.0], [418.57142857142856, 130.0], [418.57142857142856, 140.71428571428572], [390.0, 140.71428571428572]], [[331.42857142857144, 20.714285714285715], [352.14285714285717, 20.714285714285715], [352.14285714285717, 30.0], [331.42857142857144, 30.0]], [[330.7142857142857, 36.42857142857143], [352.14285714285717, 36.42857142857143], [352.14285714285717, 45.714285714285715], [330.7142857142857, 45.714285714285715]], [[330.7142857142857, 52.85714285714286], [351.42857142857144, 52.85714285714286], [351.42857142857144, 61.42857142857143], [330.7142857142857, 61.42857142857143]], [[331.42857142857144, 67.85714285714286], [352.14285714285717, 67.85714285714286], [352.14285714285717, 77.14285714285714], [331.42857142857144, 77.14285714285714]], [[332.14285714285717, 82.14285714285714], [351.42857142857144, 82.14285714285714], [351.42857142857144, 92.14285714285714], [332.14285714285717, 92.14285714285714]], [[332.14285714285717, 115.0], [352.14285714285717, 115.0], [352.14285714285717, 125.0], [332.14285714285717, 125.0]], [[273.57142857142856, 51.42857142857143], [310.0, 51.42857142857143], [310.0, 61.42857142857143], [273.57142857142856, 61.42857142857143]], [[272.8571428571429, 83.57142857142857], [310.7142857142857, 83.57142857142857], [310.7142857142857, 92.85714285714286], [272.8571428571429, 92.85714285714286]], [[274.2857142857143, 115.71428571428572], [310.0, 115.71428571428572], [310.0, 124.28571428571429], [274.2857142857143, 124.28571428571429]], [[205.0, 20.714285714285715], [234.28571428571428, 20.714285714285715], [234.28571428571428, 30.714285714285715], [205.0, 30.714285714285715]], [[205.0, 36.42857142857143], [235.0, 36.42857142857143], [235.0, 46.42857142857143], [205.0, 46.42857142857143]], [[204.28571428571428, 52.142857142857146], [235.71428571428572, 52.142857142857146], [235.71428571428572, 61.42857142857143], [204.28571428571428, 61.42857142857143]], [[205.0, 67.85714285714286], [235.0, 67.85714285714286], [235.0, 77.14285714285714], [205.0, 77.14285714285714]], [[204.28571428571428, 83.57142857142857], [233.57142857142858, 83.57142857142857], [233.57142857142858, 92.85714285714286], [204.28571428571428, 92.85714285714286]], [[203.57142857142858, 114.28571428571429], [233.57142857142858, 114.28571428571429], [233.57142857142858, 125.0], [203.57142857142858, 125.0]], [[148.57142857142858, 19.285714285714285], [177.14285714285714, 19.285714285714285], [177.14285714285714, 30.714285714285715], [148.57142857142858, 30.714285714285715]], [[148.57142857142858, 36.42857142857143], [177.85714285714286, 36.42857142857143], [177.85714285714286, 45.714285714285715], [148.57142857142858, 45.714285714285715]], [[148.57142857142858, 52.85714285714286], [177.85714285714286, 52.85714285714286], [177.85714285714286, 61.42857142857143], 