{"row": [[[0.6798866855524079, 0.6798866855524079], [479.3201133144476, 0.6798866855524079], [478.6402266288952, 16.997167138810198], [0.0, 20.39660056657224]], [[0.0, 19.71671388101983], [479.3201133144476, 16.31728045325779], [479.3201133144476, 46.23229461756374], [0.0, 45.552407932011334]], [[0.0, 45.552407932011334], [479.3201133144476, 46.23229461756374], [479.3201133144476, 74.10764872521247], [0.6798866855524079, 75.46742209631728]], [[-0.6798866855524079, 74.78753541076487], [479.3201133144476, 74.10764872521247], [478.6402266288952, 89.74504249291785], [-0.6798866855524079, 92.46458923512748]], [[-0.6798866855524079, 92.46458923512748], [479.3201133144476, 89.74504249291785], [480.0, 105.38243626062324], [-0.6798866855524079, 105.38243626062324]], [[-0.6798866855524079, 104.70254957507082], [480.0, 104.70254957507082], [478.6402266288952, 120.33994334277621], [-0.6798866855524079, 121.69971671388102]], [[-0.6798866855524079, 121.69971671388102], [479.3201133144476, 121.69971671388102], [478.6402266288952, 135.29745042492917], [-0.6798866855524079, 136.657223796034]], [[-0.6798866855524079, 135.97733711048159], [479.3201133144476, 135.97733711048159], [478.6402266288952, 154.3342776203966], [0.0, 150.25495750708217]], [[0.0, 150.25495750708217], [479.3201133144476, 155.014164305949], [479.3201133144476, 165.89235127478753], [-0.6798866855524079, 166.57223796033995]], [[-0.6798866855524079, 166.57223796033995], [479.3201133144476, 167.25212464589237], [479.3201133144476, 180.8498583569405], [0.0, 181.52974504249292]], [[0.0, 181.52974504249292], [480.0, 180.8498583569405], [480.0, 196.4872521246459], [-0.6798866855524079, 195.12747875354108]], [[-0.6798866855524079, 195.12747875354108], [480.0, 196.4872521246459], [479.3201133144476, 210.08498583569406], [0.0, 210.08498583569406]], [[0.0, 210.08498583569406], [479.3201133144476, 210.76487252124647], [480.0, 225.72237960339945], [-0.6798866855524079, 225.04249291784703]]], "col": [[[0.6798866855524079, 0.0], [479.3201133144476, 2.039660056657224], [479.3201133144476, 15.637393767705383], [33.31444759206799, 19.036827195467424], [30.59490084985836, 224.3626062322946], [-0.6798866855524079, 226.40226628895184]], [[0.0, 0.6798866855524079], [478.6402266288952, 1.3597733711048159], [478.6402266288952, 14.277620396600566], [220.96317280453258, 18.356940509915013], [218.92351274787535, 225.72237960339945], [29.23512747875354, 225.72237960339945], [32.63456090651558, 19.71671388101983], [0.0, 20.39660056657224]], [[0.0, 0.6798866855524079], [479.3201133144476, 2.039660056657224], [479.3201133144476, 13.597733711048159], [333.1444759206799, 17.677053824362606], [333.1444759206799, 227.08215297450425], [218.92351274787535, 225.72237960339945], [220.2832861189802, 18.356940509915013], [-0.6798866855524079, 20.39660056657224]], [[-0.6798866855524079, 0.6798866855524079], [478.6402266288952, 1.3597733711048159], [479.3201133144476, 12.917847025495751], [382.77620396600565, 16.997167138810198], [381.4164305949009, 225.04249291784703], [333.8243626062323, 225.72237960339945], [333.1444759206799, 17.677053824362606], [-0.6798866855524079, 21.076487252124647]], [[-0.6798866855524079, 0.0], [480.0, 3.3994334277620397], [478.6402266288952, 225.04249291784703], [380.7365439093484, 225.04249291784703], [382.09631728045326, 16.31728045325779], [-0.6798866855524079, 21.076487252124647]]], "line": [[[0.6798866855524079, 6.118980169971671], [164.53257790368272, 6.118980169971671], [164.53257790368272, 18.356940509915013], [0.6798866855524079, 18.356940509915013]], [[0.0, 21.076487252124647], [132.57790368271955, 21.076487252124647], [132.57790368271955, 33.31444759206799], [0.0, 33.31444759206799]], [[38.75354107648725, 46.23229461756374], [142.77620396600568, 46.23229461756374], [142.77620396600568, 62.54957507082153], [38.75354107648725, 62.54957507082153]], [[38.75354107648725, 74.10764872521247], [142.77620396600568, 74.10764872521247], [142.77620396600568, 90.42492917847025], [38.75354107648725, 90.42492917847025]], [[38.75354107648725, 92.46458923512748], [176.77053824362608, 92.46458923512748], [176.77053824362608, 104.70254957507082], [38.75354107648725, 104.70254957507082]], [[37.39376770538244, 106.74220963172804], [214.1643059490085, 106.74220963172804], [214.1643059490085, 121.01983002832861], [37.39376770538244, 121.01983002832861]], [[38.07365439093485, 121.69971671388102], [147.53541076487252, 121.69971671388102], [147.53541076487252, 133.93767705382436], [38.07365439093485, 133.93767705382436]], [[40.11331444759207, 135.97733711048159], [200.56657223796034, 135.97733711048159], [200.56657223796034, 148.89518413597733], [40.11331444759207, 148.89518413597733]], [[40.11331444759207, 150.93484419263456], [138.69688385269123, 150.93484419263456], [138.69688385269123, 164.53257790368272], [40.11331444759207, 164.53257790368272]], [[40.79320113314448, 166.57223796033995], [172.69121813031163, 166.57223796033995], [172.69121813031163, 180.1699716713881], [40.79320113314448, 180.1699716713881]], [[39.43342776203966, 182.20963172804534], [174.73087818696885, 182.20963172804534], [174.73087818696885, 195.12747875354108], [39.43342776203966, 195.12747875354108]], [[40.11331444759207, 197.8470254957507], [186.96883852691218, 197.8470254957507], [186.96883852691218, 208.72521246458925], [40.11331444759207, 208.72521246458925]], [[40.11331444759207, 211.44475920679886], [179.4900849858357, 211.44475920679886], [179.4900849858357, 225.72237960339945], [40.11331444759207, 225.72237960339945]], [[0.0, 195.12747875354108], [10.878186968838527, 195.12747875354108], [10.878186968838527, 208.72521246458925], [0.0, 208.72521246458925]], [[0.6798866855524079, 121.69971671388102], [7.478753541076488, 121.69971671388102], [7.478753541076488, 134.61756373937678], [0.6798866855524079, 134.61756373937678]], [[0.0, 106.06232294617564], [7.478753541076488, 106.06232294617564], [7.478753541076488, 118.30028328611898], [0.0, 118.30028328611898]], [[0.0, 93.1444759206799], [10.878186968838527, 93.1444759206799], [10.878186968838527, 102.66288951841359], [0.0, 102.66288951841359]], [[0.6798866855524079, 76.8271954674221], [9.518413597733712, 76.8271954674221], [9.518413597733712, 89.74504249291785], [0.6798866855524079, 89.74504249291785]], [[233.88101983002832, 59.8300283286119], [333.1444759206799, 59.8300283286119], [333.1444759206799, 74.10764872521247], [233.88101983002832, 74.10764872521247]], [[333.1444759206799, 19.71671388101983], [374.61756373937675, 19.71671388101983], [374.61756373937675, 33.994334277620396], [333.1444759206799, 33.994334277620396]], [[388.89518413597733, 19.036827195467424], [430.36827195467424, 19.036827195467424], [430.36827195467424, 31.274787535410766], [388.89518413597733, 31.274787535410766]], [[388.89518413597733, 31.274787535410766], [434.4475920679887, 31.274787535410766], [434.4475920679887, 45.552407932011334], [388.89518413597733, 45.552407932011334]], [[335.8640226628895, 61.86968838526912], [373.25779036827197, 61.86968838526912], [373.25779036827197, 75.46742209631728], [335.8640226628895, 75.46742209631728]], [[388.21529745042494, 61.86968838526912], [418.1303116147309, 61.86968838526912], [418.1303116147309, 72.74787535410765], [388.21529745042494, 72.74787535410765]], [[334.50424929178473, 77.5070821529745], [363.73937677053823, 77.5070821529745], [363.73937677053823, 89.74504249291785], [334.50424929178473, 89.74504249291785]], [[334.50424929178473, 92.46458923512748], [365.09915014164307, 92.46458923512748], [365.09915014164307, 104.70254957507082], [334.50424929178473, 104.70254957507082]], [[334.50424929178473, 106.74220963172804], [372.5779036827196, 106.74220963172804], [372.5779036827196, 118.98016997167139], [334.50424929178473, 118.98016997167139]], [[334.50424929178473, 122.37960339943344], [365.09915014164307, 122.37960339943344], [365.09915014164307, 133.25779036827197], [334.50424929178473, 133.25779036827197]], [[334.50424929178473, 135.97733711048159], 