{"row": [[[1.3370473537604457, 0.0], [479.5543175487465, 0.0], [479.5543175487465, 11.142061281337048], [1.3370473537604457, 11.142061281337048]], [[1.3370473537604457, 11.142061281337048], [478.66295264623955, 11.142061281337048], [478.66295264623955, 27.632311977715876], [1.3370473537604457, 27.632311977715876]], [[1.3370473537604457, 28.077994428969358], [478.66295264623955, 28.077994428969358], [478.66295264623955, 37.437325905292475], [1.3370473537604457, 37.437325905292475]], [[0.8913649025069638, 37.88300835654596], [478.66295264623955, 37.88300835654596], [478.66295264623955, 46.796657381615596], [0.8913649025069638, 46.796657381615596]], [[0.8913649025069638, 46.796657381615596], [479.10863509749305, 46.796657381615596], [479.10863509749305, 54.37325905292479], [0.8913649025069638, 54.37325905292479]], [[0.8913649025069638, 53.927576601671305], [478.66295264623955, 53.927576601671305], [478.66295264623955, 61.504178272980496], [0.8913649025069638, 61.504178272980496]], [[0.8913649025069638, 61.05849582172702], [478.66295264623955, 61.05849582172702], [478.66295264623955, 71.75487465181058], [0.8913649025069638, 71.75487465181058]], [[0.8913649025069638, 71.3091922005571], [478.66295264623955, 71.3091922005571], [478.66295264623955, 82.00557103064067], [0.8913649025069638, 82.00557103064067]], [[0.8913649025069638, 82.00557103064067], [479.10863509749305, 82.00557103064067], [479.10863509749305, 90.9192200557103], [0.8913649025069638, 90.9192200557103]], [[0.4456824512534819, 90.47353760445682], [479.5543175487465, 90.47353760445682], [479.5543175487465, 100.72423398328691], [0.4456824512534819, 100.72423398328691]], [[0.8913649025069638, 101.16991643454038], [479.5543175487465, 101.16991643454038], [479.5543175487465, 110.08356545961003], [0.8913649025069638, 110.08356545961003]], [[0.8913649025069638, 110.08356545961003], [479.10863509749305, 110.08356545961003], [479.10863509749305, 124.79108635097492], [0.8913649025069638, 124.79108635097492]]], "col": [[[1.3370473537604457, 0.0], [479.5543175487465, 0.0], [479.5543175487465, 11.587743732590528], [33.42618384401114, 12.03342618384401], [33.871866295264624, 124.79108635097492], [0.0, 124.79108635097492]], [[0.8913649025069638, 0.0], [479.5543175487465, 0.4456824512534819], [479.5543175487465, 11.142061281337048], [123.89972144846796, 11.587743732590528], [124.79108635097492, 125.68245125348189], [34.317548746518106, 124.79108635097492], [32.98050139275766, 12.03342618384401], [1.3370473537604457, 11.587743732590528]], [[1.3370473537604457, 0.8913649025069638], [479.10863509749305, 0.0], [480.0, 10.696378830083566], [228.6350974930362, 11.142061281337048], [228.6350974930362, 125.68245125348189], [124.79108635097492, 125.23676880222841], [123.89972144846796, 11.587743732590528], [1.3370473537604457, 11.587743732590528]], [[0.8913649025069638, 0.8913649025069638], [478.66295264623955, 0.0], [480.0, 11.142061281337048], [334.26183844011143, 11.587743732590528], [333.81615598885793, 124.79108635097492], [228.6350974930362, 125.23676880222841], [228.18941504178272, 10.696378830083566], [1.3370473537604457, 11.587743732590528]], [[1.3370473537604457, 0.0], [478.66295264623955, 0.0], [479.5543175487465, 11.142061281337048], [402.0055710306407, 11.142061281337048], [403.3426183844011, 125.23676880222841], [333.81615598885793, 125.23676880222841], [334.7075208913649, 10.696378830083566], [1.3370473537604457, 11.142061281337048]], [[1.3370473537604457, 0.8913649025069638], [479.10863509749305, 0.0], [479.10863509749305, 125.23676880222841], [403.7883008356546, 125.68245125348189], [402.4512534818941, 11.142061281337048], [1.7827298050139275, 12.03342618384401]]], "line": [[[2.2284122562674096, 2.6740947075208914], [14.26183844011142, 2.6740947075208914], [14.26183844011142, 9.805013927576601], [2.2284122562674096, 9.805013927576601]], [[43.231197771587745, 29.415041782729805], [67.29805013927576, 29.415041782729805], [67.29805013927576, 36.99164345403899], [43.231197771587745, 36.99164345403899]], [[42.78551532033426, 12.03342618384401], [73.09192200557104, 12.03342618384401], [73.09192200557104, 19.610027855153202], [42.78551532033426, 19.610027855153202]], [[2.2284122562674096, 12.924791086350975], [26.295264623955433, 12.924791086350975], [26.295264623955433, 19.610027855153202], [2.2284122562674096, 19.610027855153202]], [[130.1392757660167, 12.924791086350975], [220.16713091922006, 12.924791086350975], [220.16713091922006, 20.055710306406684], [130.1392757660167, 20.055710306406684]], [[131.03064066852366, 20.501392757660167], [139.05292479108635, 20.501392757660167], [139.05292479108635, 26.74094707520891], [131.03064066852366, 26.74094707520891]], [[265.18105849582173, 12.479108635097493], [330.25069637883007, 12.479108635097493], [330.25069637883007, 19.16434540389972], [265.18105849582173, 19.16434540389972]], [[338.27298050139274, 12.479108635097493], [400.6685236768802, 12.479108635097493], [400.6685236768802, 20.501392757660167], [338.27298050139274, 20.501392757660167]], [[403.7883008356546, 12.924791086350975], [466.6295264623955, 12.924791086350975], [466.6295264623955, 20.055710306406684], [403.7883008356546, 20.055710306406684]], [[468.8579387186629, 2.2284122562674096], [479.5543175487465, 2.2284122562674096], [479.5543175487465, 10.250696378830083], [468.8579387186629, 10.250696378830083]], [[403.3426183844011, 39.66573816155989], [430.974930362117, 39.66573816155989], [430.974930362117, 45.90529247910863], [403.3426183844011, 45.90529247910863]], [[403.7883008356546, 53.48189415041782], [431.86629526462394, 53.48189415041782], [431.86629526462394, 60.16713091922006], [403.7883008356546, 60.16713091922006]], [[404.2339832869081, 63.286908077994426], [434.09470752089135, 63.286908077994426], [434.09470752089135, 69.97214484679665], [404.2339832869081, 69.97214484679665]], [[403.7883008356546, 93.59331476323119], [434.54038997214485, 93.59331476323119], [434.54038997214485, 99.83286908077994], [403.7883008356546, 99.83286908077994]], [[403.3426183844011, 113.2033426183844], [414.48467966573816, 113.2033426183844], [414.48467966573816, 118.55153203342618], [403.3426183844011, 118.55153203342618]], [[339.1643454038997, 92.70194986072423], [369.025069637883, 92.70194986072423], [369.025069637883, 98.94150417827298], [339.1643454038997, 98.94150417827298]], [[131.03064066852366, 40.11142061281337], [149.30362116991643, 40.11142061281337], [149.30362116991643, 46.35097493036211], [131.03064066852366, 46.35097493036211]], [[131.03064066852366, 48.13370473537604], [158.21727019498607, 48.13370473537604], [158.21727019498607, 53.48189415041782], [131.03064066852366, 53.48189415041782]], [[131.47632311977716, 63.73259052924791], [160.89136490250695, 63.73259052924791], [160.89136490250695, 70.41782729805014], [131.47632311977716, 70.41782729805014]], [[131.03064066852366, 73.98328690807799], [162.67409470752088, 73.98328690807799], [162.67409470752088, 79.33147632311977], [131.03064066852366, 79.33147632311977]], [[130.1392757660167, 83.3426183844011], [159.10863509749302, 83.3426183844011], [159.10863509749302, 89.13649025069638], [130.1392757660167, 89.13649025069638]], [[130.58495821727018, 54.81894150417827], [158.21727019498607, 54.81894150417827], [158.21727019498607, 60.16713091922006], [130.58495821727018, 60.16713091922006]], [[131.92200557103064, 93.14763231197772], [161.33704735376045, 93.14763231197772], [161.33704735376045, 98.94150417827298], [131.92200557103064, 98.94150417827298]], [[130.58495821727018, 112.75766016713092], [141.28133704735376, 112.75766016713092], [141.28133704735376, 119.44289693593315], [130.58495821727018, 119.44289693593315]], [[91.36490250696379, 112.31197771587743], [112.75766016713092, 112.31197771587743], [112.75766016713092, 119.44289693593315], [91.36490250696379, 119.44289693593315]], [[90.9192200557103, 93.14763231197772], [116.76880222841226, 93.14763231197772], [116.76880222841226, 98.94150417827298], [90.9192200557103, 98.94150417827298]], 