{"row": [[[381.1785925487877, 468.3642814902425], [290.0821998817268, 471.81490242460086], [89.48610289769367, 466.29390892962743], [7.821407451212301, 464.45357776463635], [7.821407451212301, 433.1679479597871], [88.56593731519811, 435.69840331164994], [328.49911295091664, 439.6091070372561], [382.5588409225311, 436.1584861028977]], [[382.5588409225311, 436.1584861028977], [328.03903015966887, 439.1490242460083], [88.56593731519811, 435.23832052040217], [7.591366055588409, 433.6280307510349], [8.281490242460084, 380.02838557066826], [241.77350680070964, 384.3991720875222], [383.01892371377886, 383.9390892962744]], [[383.01892371377886, 383.9390892962744], [242.23358959195744, 384.3991720875222], [7.591366055588409, 379.5683027794205], [8.281490242460084, 327.80898876404495], [382.09875813128326, 329.87936132465995]], [[382.5588409225311, 331.7196924896511], [7.591366055588409, 326.4287403903016], [7.821407451212301, 273.7492607924305], [381.6386753400355, 275.81963335304556]], [[381.1785925487877, 277.1998817267889], [6.671200473092845, 274.20934358367833], [7.591366055588409, 221.06978119455945], [224.06031933767002, 222.2199881726789], [382.5588409225311, 222.2199881726789]], [[383.01892371377886, 222.2199881726789], [223.14015375517445, 222.2199881726789], [7.131283264340627, 221.52986398580722], [8.281490242460084, 170.0005913660556], [212.0981667652277, 169.08042578356003], [380.71850975753995, 167.93021880544057]], [[380.48846836191603, 169.5405085748078], [210.25783560023655, 170.0005913660556], [7.591366055588409, 169.5405085748078], [8.511531638083975, 117.7811945594323], [205.42696629213484, 116.40094618568895], [381.40863394441163, 113.41040804257837]], [[381.40863394441163, 113.41040804257837], [201.0561797752809, 115.0206978119456], [8.971614429331757, 117.7811945594323], [7.131283264340627, 66.71200473092844], [194.15493790656416, 62.801301005322294], [380.02838557066826, 59.81076286221171]], [[380.48846836191603, 60.270845653459496], [194.61502069781196, 62.801301005322294], [7.131283264340627, 66.25192193968067], [6.901241868716736, 15.41277350680071], [272.1389710230633, 9.201655824955647], [379.3382613837966, 7.131283264340627]]], "col": [[[379.79834417504435, 5.290952099349497], [381.8687167356594, 331.0295683027794], [381.1785925487877, 468.59432288586635], [298.36369012418686, 471.81490242460086], [118.70136014192786, 467.21407451212303], [88.10585452395033, 466.52395032525135], [86.03548196333531, 13.802483737433471]], [[86.03548196333531, 13.802483737433471], [88.56593731519811, 466.52395032525135], [7.821407451212301, 464.6836191602602], [7.821407451212301, 15.182732111176819]]], "line": [[[373.1271437019515, 377.95801301005326], [264.317563571851, 379.3382613837966], [102.36842105263159, 375.42755765819044], [98.68775872264932, 369.2164399763454], [99.83796570076878, 360.7049083382614], [106.73920756948552, 360.4748669426375], [238.78296865759907, 363.2353636901242], [371.5168539325843, 363.69544648137196], [373.5872264931993, 368.98639858072147]], [[373.8172678888232, 431.7876995860438], [241.08338261383798, 434.0881135422827], [117.09107037256062, 431.7876995860438], [96.15730337078652, 430.1774098166765], [98.45771732702543, 414.30455351862804], [105.12891780011827, 415.91484328799527], [245.9142519219397, 417.29509166173864], [373.5872264931993, 417.52513305736255]], [[371.5168539325843, 323.6682436428149], [201.5162625665287, 324.3583678296866], [96.8474275576582, 323.43820224719104], [97.07746895328208, 307.10526315789474], [219.2294500295683, 308.2554701360142], [372.8971023063276, 308.4855115316381], [374.5073920756949, 316.9970431697221]], [[372.43701951507984, 270.0685984624483], [186.79361324659965, 271.21880544056773], [96.8474275576582, 269.83855706682436], [96.15730337078652, 254.88586635127146], [373.5872264931993, 254.88586635127146]], [[370.36664695446484, 107.1992903607333], [94.77705499704318, 111.10999408633946], [94.3169722057954, 97.07746895328208], [370.1366055588409, 93.16676522767594], [372.66706091070375, 97.99763453577765]], [[348.97279716144294, 81.20461265523359], [303.1945594322886, 81.89473684210526], [303.1945594322886, 67.17208752217623], [348.7427557658191, 66.48196333530456]], [[368.98639858072147, 53.82968657599054], [94.54701360141928, 59.35068007096393], [94.0869308101715, 45.08811354228268], [370.36664695446484, 38.18687167356594], [371.5168539325843, 46.928444707273805]], [[135.7244234180958, 445.82022471910113], [338.62093435836783, 445.82022471910113], [338.62093435836783, 462.84328799526907], [135.7244234180958, 462.84328799526907]], [[18.173270254287406, 443.5198107628622], [78.4441159077469, 443.5198107628622], [78.4441159077469, 458.47250147841515], [18.173270254287406, 458.47250147841515]], [[158.26848018923715, 390.38024837374337], [351.7332939089296, 390.38024837374337], [351.7332939089296, 406.7131874630396], [158.26848018923715, 406.7131874630396]], [[181.73270254287405, 336.55056179775283], [351.96333530455354, 336.55056179775283], [351.96333530455354, 352.19337670017745], [181.73270254287405, 352.19337670017745]], [[274.6694263749261, 282.4908338261384], [352.4234180958013, 282.4908338261384], [352.4234180958013, 297.67356593731523], [274.6694263749261, 297.67356593731523]], [[310.09580130100534, 229.12123004139562], [351.27321111768185, 229.12123004139562], [351.27321111768185, 243.3837965700769], [310.09580130100534, 243.3837965700769]], [[96.15730337078652, 200.59609698403312], [372.43701951507984, 200.59609698403312], [372.43701951507984, 216.23891188645771], [96.15730337078652, 216.23891188645771]], [[256.9562389118865, 174.37137788290954], [351.7332939089296, 174.37137788290954], [351.7332939089296, 189.09402720283856], [256.9562389118865, 189.09402720283856]], [[97.30751034890598, 147.22649319929036], [371.2868125369604, 147.22649319929036], [371.2868125369604, 163.55943228858663], [97.30751034890598, 163.55943228858663]], [[150.90715552927261, 121.92193968066233], [350.58308693081017, 121.92193968066233], [350.58308693081017, 136.87463039621525], [150.90715552927261, 136.87463039621525]], [[285.7114133648729, 14.032525133057364], [348.0526315789474, 14.032525133057364], [348.0526315789474, 29.21525724423418], [285.7114133648729, 29.21525724423418]]],