{"row": [[[16.464379947229553, 23.11345646437995], [459.4195250659631, 37.044854881266495], [455.93667546174146, 100.68601583113457], [16.939313984168866, 89.1292875989446]], [[17.572559366754618, 89.1292875989446], [455.93667546174146, 100.68601583113457], [452.4538258575198, 131.87335092348286], [18.680738786279683, 121.42480211081795]], [[18.680738786279683, 120.94986807387863], [452.4538258575198, 132.50659630606862], [450.0791556728233, 163.06068601583115], [18.680738786279683, 154.5118733509235]], [[18.20580474934037, 153.245382585752], [450.71240105540903, 163.06068601583115], [448.33773087071245, 193.77308707124013], [19.78891820580475, 185.69920844327177]], [[19.78891820580475, 185.06596306068602], [447.2295514511874, 193.13984168865437], [446.1213720316623, 224.4854881266491], [21.055408970976256, 219.26121372031665]], [[21.53034300791557, 218.6279683377309], [444.8548812664908, 224.4854881266491], [443.11345646437996, 253.2981530343008], [21.53034300791557, 250.44854881266494]], [[21.53034300791557, 250.44854881266494], [442.63852242744065, 253.93139841688657], [441.37203166226914, 282.9023746701847], [22.16358839050132, 279.41952506596306]], [[22.16358839050132, 280.52770448548813], [441.37203166226914, 282.26912928759896], [439.15567282321905, 311.2401055408971], [23.905013192612138, 310.60686015831135]], [[23.905013192612138, 310.60686015831135], [437.88918205804754, 311.2401055408971], [435.6728232189974, 340.0527704485488], [25.013192612137203, 340.0527704485488]], [[24.53825857519789, 340.68601583113457], [435.6728232189974, 339.5778364116095], [435.03957783641164, 367.2823218997362], [26.279683377308707, 369.023746701847]], [[26.279683377308707, 369.023746701847], [433.93139841688657, 367.91556728232194], [432.18997361477574, 394.9868073878628], [27.387862796833776, 397.3614775725594]], [[27.387862796833776, 397.3614775725594], [431.08179419525067, 394.5118733509235], [429.8153034300792, 421.5831134564644], [28.021108179419528, 425.06596306068604]], [[28.021108179419528, 425.06596306068604], [429.3403693931399, 422.21635883905014], [426.33245382585756, 448.179419525066], [29.129287598944593, 451.1873350923483]]], "col": [[[15.197889182058049, 22.638522427440634], [29.762532981530345, 452.29551451187336], [332.1372031662269, 448.81266490765177], [333.245382585752, 422.8496042216359], [75.35620052770449, 423.957783641161], [67.9155672823219, 24.379947229551455]], [[14.722955145118735, 22.005277044854882], [68.39050131926122, 24.854881266490768], [74.88126649076517, 422.8496042216359], [28.021108179419528, 424.4327176781003], [28.021108179419528, 450.5540897097626], [332.1372031662269, 449.4459102902375], [333.245382585752, 421.1081794195251], [169.0765171503958, 423.3245382585752], [172.55936675461743, 27.229551451187337]], [[172.55936675461743, 27.229551451187337], [169.0765171503958, 423.957783641161], [28.021108179419528, 424.4327176781003], [28.49604221635884, 449.92084432717684], [332.7704485488127, 449.92084432717684], [354.1424802110818, 33.087071240105544]], [[354.1424802110818, 33.56200527704486], [332.7704485488127, 447.07124010554094], [427.59894459102907, 447.07124010554094], [459.4195250659631, 36.41160949868074]]], "line": [[[371.39841688654354, 39.5778364116095], [442.0052770448549, 40.84432717678101], [441.5303430079156, 63.166226912928764], [371.08179419525067, 61.89973614775726]], [[227.4934036939314, 48.28496042216359], [298.8918205804749, 51.76781002638523], [297.7836411609499, 74.56464379947231], [226.2269129287599, 70.92348284960423]], [[384.5382585751979, 71.08179419525067], [423.6411609498681, 71.08179419525067], [423.6411609498681, 93.40369393139842], [384.5382585751979, 93.40369393139842]], [[48.75989445910291, 96.41160949868075], [48.75989445910291, 114.1424802110818], [35.46174142480211, 114.1424802110818], [35.46174142480211, 96.41160949868075]], [[99.89445910290239, 95.46174142480211], [138.36411609498683, 95.46174142480211], [138.36411609498683, 117.30870712401057], [99.89445910290239, 117.30870712401057]], [[212.13720316622693, 98.311345646438], [311.2401055408971, 100.05277044854881], [310.9234828496042, 120.47493403693932], [211.82058047493405, 118.7335092348285]], [[386.5963060686016, 103.53562005277045], [418.5751978891821, 103.53562005277045], [418.5751978891821, 123.3245382585752], [386.5963060686016, 123.3245382585752]], [[49.709762532981536, 129.9736147757256], [49.709762532981536, 147.70448548812666], [36.56992084432718, 147.70448548812666], [36.56992084432718, 129.9736147757256]], [[93.24538258575198, 128.39050131926123], [146.91292875989447, 128.39050131926123], [146.91292875989447, 150.71240105540898], [93.24538258575198, 150.71240105540898]], [[204.69656992084435, 132.8232189973615], [316.78100263852247, 133.93139841688657], [316.4643799472296, 152.92875989445912], [204.53825857519791, 151.82058047493405]], [[385.646437994723, 136.46437994722956], [416.5171503957784, 136.46437994722956], [416.5171503957784, 154.19525065963063], [385.646437994723, 154.19525065963063]], [[49.709762532981536, 162.26912928759896], [49.709762532981536, 179.0501319261214], [37.519788918205805, 179.0501319261214], [37.519788918205805, 162.26912928759896]], [[94.35356200527706, 161.31926121372032], [146.43799472295515, 161.31926121372032], [146.43799472295515, 181.5831134564644], [94.35356200527706, 181.5831134564644]], [[210.8707124010554, 164.16886543535622], [308.70712401055414, 165.11873350923483], [308.39050131926126, 184.1160949868074], [210.71240105540898, 183.16622691292878]], [[384.0633245382586, 167.96833773087073], [413.50923482849606, 167.96833773087073], [413.50923482849606, 185.06596306068602], [384.0633245382586, 185.06596306068602]], [[138.83905013192614, 212.4538258575198], [101.95250659630608, 212.4538258575198], [101.95250659630608, 193.2981530343008], [138.83905013192614, 193.2981530343008]], [[51.29287598944592, 194.24802110817944], [51.29287598944592, 210.3957783641161], [38.62796833773088, 210.3957783641161], [38.62796833773088, 194.24802110817944]], [[210.23746701846966, 214.5118733509235], [210.3957783641161, 195.03957783641164], [306.64907651715043, 196.14775725593668], [306.33245382585756, 215.4617414248021]], [[380.7387862796834, 197.8891820580475], [411.76781002638523, 197.09762532981532], [412.24274406332455, 215.4617414248021], [381.2137203166227, 216.2532981530343]], [[51.926121372031666, 225.2770448548813], [51.29287598944592, 241.2664907651715], [38.94459102902375, 240.7915567282322], [39.73614775725594, 224.64379947229554]], [[94.67018469656993, 224.64379947229554], [145.48812664907652, 224.01055408970979], [145.64643799472296, 242.37467018469658], [94.82849604221637, 243.00791556728234]], [[209.60422163588393, 243.79947229551453], [209.9208443271768, 225.2770448548813], [305.6992084432718, 226.54353562005278], [305.3825857519789, 245.06596306068604]], [[376.9393139841689, 228.12664907651717], [412.8759894459103, 228.12664907651717], [412.8759894459103, 247.4406332453826], [376.9393139841689, 247.4406332453826]], [[102.4274406332454, 255.51451187335095], [137.4142480211082, 255.51451187335095], [137.4142480211082, 274.35356200527707], [102.4274406332454, 274.35356200527707]], [[195.03957783641164, 256.9393139841689], [317.7308707124011, 257.7308707124011], [317.7308707124011, 275.14511873350926], [195.03957783641164, 274.35356200527707]], [[40.05277044854881, 256.622691292876], [52.242744063324544, 256.622691292876], [52.242744063324544, 272.29551451187336], [40.05277044854881, 272.29551451187336]], [[378.047493403694, 258.047493403694], [407.8100263852243, 258.047493403694], [407.8100263852243, 275.778364116095], [378.047493403694, 275.778364116095]], [[95.30343007915567, 285.91029023746705], [145.96306068601584, 285.91029023746705], [145.96306068601584, 305.2242744063325], [95.30343007915567, 305.2242744063325]], [[53.98416886543536, 286.5435356200528], [53.03430079155673, 304.5910290237467], [39.73614775725594, 303.957783641161], [40.68601583113457, 285.91029023746705]], 