{"row": [[[12.19600725952813, 25.263157894736842], [13.502722323049001, 58.366606170598914], [327.54990925589834, 47.04174228675136], [461.7059891107078, 51.39745916515427], [461.7059891107078, 20.471869328493646], [428.16696914700543, 14.373865698729583], [282.2504537205082, 14.809437386569872]], [[13.938294010889292, 59.67332123411978], [12.631578947368421, 93.21234119782214], [328.42105263157896, 81.01633393829401], [427.29582577132487, 81.4519056261343], [463.88384754990926, 86.2431941923775], [463.88384754990926, 53.13974591651542], [412.92196007259525, 47.91288566243194], [258.29401088929217, 49.219600725952816]], [[13.938294010889292, 92.34119782214157], [12.19600725952813, 124.13793103448276], [327.54990925589834, 114.55535390199637], [433.8294010889292, 114.99092558983666], [465.19056261343013, 119.34664246823957], [463.88384754990926, 85.8076225045372], [411.6152450090744, 80.14519056261344], [240.43557168784028, 82.75862068965517]], [[12.631578947368421, 124.13793103448276], [12.631578947368421, 155.93466424682396], [328.8566243194192, 148.09437386569874], [434.2649727767695, 148.09437386569874], [465.62613430127044, 151.57894736842104], [464.31941923774957, 119.34664246823957], [423.37568058076226, 113.6842105263158], [260.03629764065334, 115.86206896551724]]], "col": [[[13.067150635208712, 25.698729582577133], [13.067150635208712, 155.06352087114337], [327.1143375680581, 148.9655172413793], [328.8566243194192, 14.809437386569872]], [[329.2921960072595, 13.938294010889292], [326.6787658802178, 148.9655172413793], [465.62613430127044, 148.52994555353902], [462.1415607985481, 20.907441016333937], [427.29582577132487, 13.938294010889292]]], "line": [[[22.6497277676951, 32.66787658802178], [22.6497277676951, 52.26860254083485], [241.74228675136115, 43.55716878402904], [238.69328493647913, 24.39201451905626]], [[22.21415607985481, 65.33575317604355], [22.21415607985481, 84.06533575317604], [154.6279491833031, 81.01633393829401], [260.03629764065334, 76.22504537205081], [258.7295825771325, 55.31760435571688]], [[23.52087114337568, 98.00362976406534], [21.77858439201452, 117.16878402903811], [260.47186932849365, 109.32849364791288], [257.8584392014519, 89.29219600725953]], [[385.91651542649726, 21.343012704174228], [385.0453720508167, 39.637023593466424], [438.6206896551724, 39.637023593466424], [434.7005444646098, 22.21415607985481], [389.83666061705986, 21.77858439201452]], [[385.91651542649726, 54.88203266787659], [385.480943738657, 70.99818511796734], [414.66424682395643, 72.74047186932849], [435.1361161524501, 71.43375680580762], [433.8294010889292, 55.75317604355717], [401.59709618874774, 54.88203266787659]], [[388.9655172413793, 87.11433756805808], [389.83666061705986, 103.66606170598911], [430.3448275862069, 104.5372050816697], [432.95825771324866, 97.56805807622504], [432.52268602540835, 89.29219600725953]], [[22.6497277676951, 129.80036297640655], [22.6497277676951, 148.9655172413793], [143.73865698729583, 146.35208711433756], [224.31941923774954, 144.1742286751361], [300.1088929219601, 141.1252268602541], [296.1887477313975, 121.52450090744101]], [[339.7459165154265, 137.64065335753176], [339.7459165154265, 144.1742286751361], [425.989110707804, 144.1742286751361], [461.2704174228675, 146.78765880217784], [461.7059891107078, 140.68965517241378], [404.2105263157895, 138.07622504537204]]], "cell": [[[13.067150635208712, 25.698729582577133], [12.631578947368421, 59.23774954627949], [329.7277676950998, 46.60617059891107], [328.8566243194192, 15.680580762250454]], [[330.5989110707804, 13.938294010889292], [328.8566243194192, 48.348457350272234], [418.58439201451904, 48.348457350272234], [450.8166969147005, 50.526315789473685], [462.5771324863884, 53.13974591651542], [462.5771324863884, 20.907441016333937], [433.3938294010889, 14.809437386569872], [390.7078039927405, 14.809437386569872]], [[329.7277676950998, 47.47731397459165], [328.42105263157896, 79.70961887477314], [412.486388384755, 81.01633393829401], [452.994555353902, 83.62976406533575], [463.01270417422865, 84.93647912885662], [463.88384754990926, 52.26860254083485], [414.2286751361161, 47.47731397459165], [368.0580762250454, 47.47731397459165]], [[13.938294010889292, 59.23774954627949], [12.631578947368421, 90.5989110707804], [267.4410163339383, 83.62976406533575], [330.5989110707804, 81.4519056261343], [328.42105263157896, 47.04174228675136]], [[13.502722323049001, 89.72776769509981], [12.19600725952813, 124.13793103448276], [329.2921960072595, 113.6842105263158], [327.98548094373865, 81.01633393829401]], [[328.8566243194192, 80.14519056261344], [328.8566243194192, 114.55535390199637], [386.35208711433756, 114.55535390199637], [442.10526315789474, 115.42649727767694], [465.19056261343013, 118.47549909255898], [463.01270417422865, 84.50090744101634], [403.33938294010886, 80.14519056261344]], [[12.19600725952813, 124.13793103448276], [13.067150635208712, 154.6279491833031], [327.1143375680581, 147.22323049001815], [327.1143375680581, 112.8130671506352]], [[329.2921960072595, 114.11978221415607], [327.98548094373865, 148.09437386569874], [412.486388384755, 148.09437386569874], [466.9328493647913, 151.57894736842104], [464.7549909255898, 118.91107078039927], [428.16696914700543, 114.11978221415607]]], "is_wireless": false}