{"row": [[[3.4315127251930226, 4.8041178152702315], [4.392336288247069, 29.511009436659997], [473.5487560766371, 34.86416928796111], [475.4704032027452, 11.941664283671718]], [[474.09779811266804, 33.90334572490706], [472.17615098655995, 58.74749785530455], [5.353159851301116, 53.94338004003432], [4.392336288247069, 28.687446382613672]], [[5.764941378324278, 53.39433800400344], [6.313983414355162, 77.27766657134687], [469.705461824421, 82.0817843866171], [471.627108950529, 58.74749785530455]], [[469.705461824421, 81.67000285959394], [468.7446382613669, 104.04346582785244], [7.274806977409209, 101.7100371747212], [6.313983414355162, 76.8658850443237]]], "col": [[[3.4315127251930226, 4.8041178152702315], [7.274806977409209, 100.20017157563626], [115.16156705747784, 101.7100371747212], [114.20074349442379, 5.764941378324278]], [[114.20074349442379, 5.764941378324278], [188.18415784958538, 7.137546468401487], [188.59593937660853, 101.16099513869031], [114.20074349442379, 101.16099513869031]], [[187.63511581355448, 6.176722905347441], [188.59593937660853, 101.16099513869031], [258.7360594795539, 102.12181870174436], [261.61853016871606, 9.05919359450958]], [[261.61853016871606, 9.05919359450958], [258.7360594795539, 102.12181870174436], [330.3860451815842, 102.67086073777524], [333.68029739776955, 9.470975121532742]], [[333.68029739776955, 9.470975121532742], [330.9350872176151, 103.63168430082929], [400.5261652845296, 104.45524735487561], [404.9185015727767, 10.43179868458679]], [[404.9185015727767, 10.43179868458679], [400.11438375750646, 104.04346582785244], [468.7446382613669, 104.04346582785244], [476.01944523877614, 11.392622247640835]]], "line": [[[30.883614526737205, 9.745496139548184], [85.23877609379468, 9.745496139548184], [85.23877609379468, 25.80497569345153], [30.883614526737205, 25.80497569345153]], [[144.53531598513013, 11.529882756648556], [158.53588790391765, 11.529882756648556], [158.53588790391765, 28.001143837575064], [144.53531598513013, 28.001143837575064]], [[18.941950243065484, 35.13869030597655], [100.61195310265943, 35.13869030597655], [100.61195310265943, 49.55104375178725], [18.941950243065484, 49.55104375178725]], [[17.294824134972835, 58.61023734629683], [104.31798684586789, 58.61023734629683], [104.31798684586789, 73.29711181012297], [17.294824134972835, 73.29711181012297]], [[27.726622819559623, 81.53274235058622], [94.29796968830426, 81.53274235058622], [94.29796968830426, 96.63139834143553], [27.726622819559623, 96.63139834143553]], [[139.0448956248213, 36.51129539605376], [162.51644266514157, 36.51129539605376], [162.51644266514157, 50.237346296825855], [139.0448956248213, 50.237346296825855]], [[140.82928224192165, 60.53188447240492], [163.88904775521877, 60.53188447240492], [163.88904775521877, 73.98341435516157], [140.82928224192165, 73.98341435516157]], [[145.49613954818417, 83.45438947669432], [157.84958535887904, 83.45438947669432], [157.84958535887904, 96.4941378324278], [145.49613954818417, 96.4941378324278]], [[219.06777237632258, 13.58879039176437], [231.83299971404062, 13.58879039176437], [231.83299971404062, 28.687446382613672], [219.06777237632258, 28.687446382613672]], [[211.65570488990565, 37.47211895910781], [238.9705461824421, 37.47211895910781], [238.9705461824421, 51.1981698598799], [211.65570488990565, 51.1981698598799]], [[213.57735201601375, 60.53188447240492], [234.3036888761796, 60.53188447240492], [234.3036888761796, 74.66971690020017], [213.57735201601375, 74.66971690020017]], [[217.2833857592222, 84.41521303974837], [228.12696597083215, 84.41521303974837], [228.12696597083215, 97.45496139548185], [217.2833857592222, 97.45496139548185]], [[289.4824134972834, 14.275092936802974], [304.16928796110955, 14.275092936802974], [304.16928796110955, 28.687446382613672], [289.4824134972834, 28.687446382613672]], [[282.2076065198742, 38.57020303116958], [308.97340577637976, 38.57020303116958], [308.97340577637976, 52.02173291392622], [282.2076065198742, 52.02173291392622]], [[282.61938804689737, 61.49270803545897], [307.7380611953103, 61.49270803545897], [307.7380611953103, 73.98341435516157], [282.61938804689737, 73.98341435516157]], [[287.28624535315987, 84.14069202173292], [300.6005147269088, 84.14069202173292], [300.6005147269088, 98.27852444952818], [287.28624535315987, 98.27852444952818]], [[362.3677437803832, 14.275092936802974], [374.7211895910781, 14.275092936802974], [374.7211895910781, 29.92279096368316], [362.3677437803832, 29.92279096368316]], [[432.91964541035173, 16.60852158993423], [445.41035173005434, 16.60852158993423], [445.41035173005434, 29.648269945667717], [432.91964541035173, 29.648269945667717]], [[424.95853588790396, 39.80554761223907], [452.2733771804404, 39.80554761223907], [452.2733771804404, 53.25707749499571], [424.95853588790396, 53.25707749499571]], [[424.40949385187304, 62.590792107520734], [450.7635115813555, 62.590792107520734], [450.7635115813555, 76.31684300829282], [424.40949385187304, 76.31684300829282]], [[428.39004861309695, 84.82699456677152], [441.70431798684587, 84.82699456677152], [441.70431798684587, 101.29825564769803], [428.39004861309695, 101.29825564769803]], [[359.0734915641979, 86.74864169287962], [374.44666857306265, 86.74864169287962], [374.44666857306265, 99.1020875035745], [359.0734915641979, 99.1020875035745]], [[355.36745782098944, 63.826136688590225], [378.701744352302, 63.826136688590225], [378.701744352302, 76.1795824992851], [355.36745782098944, 76.1795824992851]], [[355.50471832999716, 38.84472404918502], [378.28996282527885, 38.84472404918502], [378.28996282527885, 54.4924220760652], [355.50471832999716, 54.4924220760652]]],