{"row": [[[6.1761158021712905, 9.071170084439084], [472.6658624849216, 5.018094089264173], [471.7008443908323, 50.56694813027744], [6.1761158021712905, 54.62002412545235]], [[7.141133896260555, 54.62002412545235], [471.7008443908323, 50.56694813027744], [470.9288299155609, 82.02653799758745], [7.913148371531966, 87.04463208685162]], [[7.913148371531966, 87.04463208685162], [471.7008443908323, 82.02653799758745], [470.9288299155609, 114.25814234016887], [8.685162846803378, 117.73220747889023]], [[8.685162846803378, 117.73220747889023], [470.1568154402895, 114.25814234016887], [469.3848009650181, 144.17370325693605], [9.650180940892641, 149.96381182147164]], [[9.650180940892641, 149.96381182147164], [469.3848009650181, 144.94571773220747], [466.875753920386, 173.12424607961398], [11.194209891435465, 178.91435464414957]], [[11.194209891435465, 178.91435464414957], [468.4197828709288, 173.8962605548854], [467.6477683956574, 203.03980699638117], [11.194209891435465, 207.8648974668275]], [[11.194209891435465, 207.8648974668275], [467.6477683956574, 204.583835946924], [466.875753920386, 233.53437876960191], [12.93124246079614, 238.5524728588661]], [[12.93124246079614, 238.5524728588661], [466.875753920386, 233.53437876960191], [465.91073582629673, 264.2219541616405], [13.70325693606755, 269.2400482509047]], [[13.70325693606755, 269.2400482509047], [465.91073582629673, 265.1869722557298], [465.1387213510253, 292.40048250904704], [14.475271411338962, 297.41857659831123]], [[14.475271411338962, 297.41857659831123], [465.1387213510253, 292.40048250904704], [463.5946924004825, 322.3160434258142], [14.475271411338962, 328.1061519903498]], [[14.475271411338962, 328.1061519903498], [464.3667068757539, 322.3160434258142], [462.6296743063932, 349.5295536791315], [15.440289505428225, 357.0566948130277]], [[15.440289505428225, 357.0566948130277], [462.6296743063932, 350.49457177322074], [461.8576598311218, 379.44511459589864], [16.98431845597105, 386.0072376357057]], [[16.98431845597105, 386.0072376357057], [461.8576598311218, 379.44511459589864], [460.1206272617612, 410.90470446320865], [16.98431845597105, 418.43184559710494]], [[16.98431845597105, 418.43184559710494], [461.08564535585043, 411.67671893848006], [460.1206272617612, 436.5741857659831], [16.98431845597105, 444.1013268998794]]], "col": [[[5.7901085645355845, 8.685162846803378], [473.0518697225573, 5.404101326899879], [472.086851628468, 50.180940892641736], [183.16043425814235, 53.46200241254523], [184.70446320868515, 441.0132689987937], [17.370325693606755, 444.48733413751506]], [[5.7901085645355845, 9.457177322074788], [473.0518697225573, 5.404101326899879], [472.086851628468, 49.21592279855247], [333.8962605548854, 52.68998793727382], [328.87816646562123, 438.6972255729795], [183.93244873341374, 442.7503015681544], [183.16043425814235, 52.68998793727382], [5.7901085645355845, 55.19903498190591]], [[6.5621230398069965, 9.457177322074788], [473.0518697225573, 5.404101326899879], [472.086851628468, 50.180940892641736], [459.73462002412543, 436.1881785283474], [328.87816646562123, 439.46924004825087], [333.8962605548854, 51.72496984318456], [6.5621230398069965, 54.234016887816644]]], "line": [[[158.26296743063932, 13.510253317249697], [311.8938480096502, 13.510253317249697], [311.8938480096502, 46.89987937273824], [158.26296743063932, 46.89987937273824]], [[26.634499396863692, 57.708082026537994], [76.42943305186972, 57.708082026537994], [76.42943305186972, 84.34258142340168], [26.634499396863692, 84.34258142340168]], [[27.98552472858866, 89.74668275030156], [78.1664656212304, 89.74668275030156], [78.1664656212304, 115.99517490952955], [27.98552472858866, 115.99517490952955]], [[28.950542822677924, 121.01326899879372], [104.99396863691194, 121.01326899879372], [104.99396863691194, 146.68275030156815], [28.950542822677924, 146.68275030156815]], [[29.33655006031363, 151.3148371531966], [80.86851628468034, 151.3148371531966], [80.86851628468034, 175.24728588661037], [29.33655006031363, 175.24728588661037]], [[32.424607961399275, 180.26537997587454], [131.8214716525935, 180.26537997587454], [131.8214716525935, 205.16284680337756], [32.424607961399275, 205.16284680337756]], [[32.03860072376357, 210.56694813027744], [133.17249698431846, 210.56694813027744], [133.17249698431846, 235.07840772014475], [32.03860072376357, 235.07840772014475]], [[32.424607961399275, 240.48250904704463], [109.81905910735826, 240.48250904704463], [109.81905910735826, 265.37997587454765], [32.424607961399275, 265.37997587454765]], [[34.3546441495778, 269.81905910735827], [158.26296743063932, 269.81905910735827], [158.26296743063932, 293.751507840772], [34.3546441495778, 293.751507840772]], [[33.38962605548854, 297.99758745476475], [59.63811821471653, 297.99758745476475], [59.63811821471653, 321.9300361881785], [33.38962605548854, 321.9300361881785]], [[34.74065138721351, 326.7551266586248], [132.78648974668275, 326.7551266586248], [132.78648974668275, 350.8805790108564], [34.74065138721351, 350.8805790108564]], [[33.775633293124244, 358.60072376357056], [58.28709288299155, 358.60072376357056], [58.28709288299155, 383.11218335343784], [33.775633293124244, 383.11218335343784]], [[36.09167671893848, 386.7792521109771], [125.06634499396863, 386.7792521109771], [125.06634499396863, 411.67671893848006], [36.09167671893848, 411.67671893848006]], [[36.284680337756335, 418.0458383594692], [60.79613992762364, 418.0458383594692], [60.79613992762364, 442.1712907117008], [36.284680337756335, 442.1712907117008]], [[223.11218335343787, 417.6598311218335], [286.8033775633293, 417.6598311218335], [286.8033775633293, 440.82026537997587], [223.11218335343787, 440.82026537997587]], [[246.65862484921593, 386.39324487334136], [261.3268998793727, 386.39324487334136], [261.3268998793727, 409.5536791314837], [246.65862484921593, 409.5536791314837]], [[227.5512665862485, 357.0566948130277], [288.3474065138721, 357.0566948130277], [288.3474065138721, 383.11218335343784], [227.5512665862485, 383.11218335343784]], [[232.56936067551266, 327.14113389626056], [276.38118214716525, 327.14113389626056], [276.38118214716525, 352.42460796139926], [232.56936067551266, 352.42460796139926]], [[240.86851628468034, 297.0325693606755], [268.27503015681543, 297.0325693606755], [268.27503015681543, 323.0880579010856], [240.86851628468034, 323.0880579010856]], [[219.2521109770808, 269.81905910735827], [288.73341375150784, 269.81905910735827], [288.73341375150784, 295.102533172497], [219.2521109770808, 295.102533172497]], [[229.0952955367913, 239.90349819059108], [280.04825090470445, 239.90349819059108], [280.04825090470445, 265.5729794933655], [229.0952955367913, 265.5729794933655]], [[229.0952955367913, 210.95295536791315], [279.66224366706876, 210.95295536791315], [279.66224366706876, 235.46441495778046], [229.0952955367913, 235.46441495778046]], [[230.83232810615198, 180.0723763570567], [277.73220747889025, 180.0723763570567], [277.73220747889025, 206.12786489746682], [230.83232810615198, 206.12786489746682]], [[226.77925211097707, 149.3848009650181], [284.6803377563329, 149.3848009650181], [284.6803377563329, 175.63329312424608], [226.77925211097707, 175.63329312424608]], [[231.9903498190591, 119.66224366706875], [278.31121833534377, 119.66224366706875], [278.31121833534377, 146.29674306393244], [231.9903498190591, 146.29674306393244]], [[219.6381182147165, 88.0096501809409], [289.50542822677926, 88.0096501809409], [289.50542822677926, 112.5211097708082], [219.6381182147165, 112.5211097708082]], [[215.1990349819059, 56.55006031363088], [309.5778045838359, 56.55006031363088], [309.5778045838359, 83.18455971049457], [215.1990349819059, 83.18455971049457]], [[371.9179734620024, 55.97104945717732], [444.1013268998794, 55.97104945717732], [444.1013268998794, 79.71049457177322], [371.9179734620024, 79.71049457177322]], [[382.3401688781665, 87.81664656212304], [419.20386007237636, 87.81664656212304], [419.20386007237636, 110.59107358262968], [382.3401688781665, 110.59107358262968]], 