{"row": [[[8.77328646748682, 4.724077328646748], [8.267135325131811, 31.550087873462214], [262.69244288224957, 35.26186291739894], [473.25131810193324, 36.44288224956063], [474.09490333919155, 10.966608084358525], [253.0755711775044, 7.760984182776801], [87.05799648506151, 6.242530755711775]], [[8.267135325131811, 31.550087873462214], [8.267135325131811, 55.5079086115993], [261.68014059753955, 59.05096660808436], [472.40773286467487, 61.919156414762746], [473.25131810193324, 36.611599297012305], [163.1493848857645, 34.08084358523726]], [[7.9297012302284715, 55.67662565905097], [7.592267135325132, 86.72056239015818], [161.4622144112478, 88.74516695957821], [470.7205623901582, 94.14411247803163], [472.2390158172232, 61.919156414762746], [162.30579964850617, 57.86994727592267]], [[7.760984182776801, 86.88927943760984], [6.748681898066784, 115.06502636203867], [258.98066783831285, 121.64499121265378], [469.3708260105448, 125.18804920913884], [470.7205623901582, 94.31282952548331], [260.3304042179262, 90.26362038664324], [66.81195079086116, 87.22671353251319]], [[6.748681898066784, 115.23374340949033], [6.579964850615115, 146.10896309314586], [258.30579964850614, 153.02636203866433], [467.68365553602814, 158.08787346221442], [469.3708260105448, 125.52548330404218], [160.11247803163445, 119.28295254833041]], [[6.242530755711775, 146.10896309314586], [5.736379613356767, 175.9718804920914], [256.9560632688928, 183.73286467486818], [466.5026362038664, 188.79437609841827], [467.68365553602814, 158.7627416520211], [158.42530755711775, 150.3268892794376]], [[5.905096660808436, 176.30931458699473], [296.2671353251318, 185.08260105448156], [466.33391915641477, 188.96309314586995], [465.1528998242531, 221.52548330404218], [255.60632688927944, 214.94551845342707], [61.5817223198594, 208.7029876977153], [5.061511423550088, 206.67838312829525]]], "col": [[[9.110720562390158, 4.8927943760984185], [69.84885764499121, 5.736379613356767], [62.08787346221441, 208.87170474516697], [5.061511423550088, 206.67838312829525]], [[69.51142355008787, 5.905096660808436], [164.49912126537785, 7.592267135325132], [160.28119507908613, 211.73989455184534], [62.59402460456942, 208.53427065026364]], [[165.00527240773286, 7.086115992970123], [264.04217926186294, 8.43585237258348], [255.77504393673112, 215.11423550087875], [160.28119507908613, 211.73989455184534]], [[264.04217926186294, 8.09841827768014], [368.81546572934974, 9.110720562390158], [361.56063268892797, 218.6572934973638], [255.94376098418277, 214.94551845342707]], [[369.1528998242531, 9.448154657293497], [474.60105448154656, 10.460456942003516], [464.9841827768014, 221.8629173989455], [361.56063268892797, 218.6572934973638]]], "line": [[[366.11599297012305, 190.8189806678383], [366.45342706502635, 201.78558875219684], [464.4780316344464, 204.99121265377858], [464.1405975395431, 192.33743409490333]], [[371.17750439367313, 202.12302284710017], [373.03339191564146, 213.76449912126537], [459.079086115993, 217.6449912126538], [457.56063268892797, 204.99121265377858], [396.3163444639719, 203.1353251318102]], [[288.16871704745165, 188.62565905096662], [288.506151142355, 200.09841827768014], [334.7346221441125, 201.78558875219684], [331.8664323374341, 188.62565905096662], [296.4358523725835, 188.79437609841827]], [[284.7943760984183, 199.59226713532513], [284.1195079086116, 211.402460456942], [336.59050966608083, 213.93321616871705], [338.10896309314586, 201.44815465729351]], [[189.63796133567664, 183.73286467486818], [189.63796133567664, 196.04920913884007], [233.16695957820738, 198.5799648506151], [231.64850615114236, 185.9261862917399], [194.02460456942003, 184.07029876977154]], [[184.91388400702988, 196.04920913884007], [183.90158172231986, 207.35325131810194], [236.03514938488576, 210.55887521968367], [235.69771528998243, 198.5799648506151]], [[15.859402460456943, 13.328646748681898], [58.37609841827768, 13.328646748681898], [58.37609841827768, 25.30755711775044], [15.859402460456943, 25.30755711775044]], [[15.184534270650264, 37.28646748681898], [57.701230228471005, 37.28646748681898], [57.701230228471005, 50.27768014059754], [15.184534270650264, 50.27768014059754]], [[83.17750439367312, 13.328646748681898], [148.1335676625659, 13.328646748681898], [148.1335676625659, 26.994727592267136], [83.17750439367312, 26.994727592267136]], [[100.38664323374341, 38.46748681898067], [131.26186291739896, 38.46748681898067], [131.26186291739896, 49.9402460456942], [100.38664323374341, 49.9402460456942]], [[180.8646748681898, 14.509666080843585], [246.83304042179262, 14.509666080843585], [246.83304042179262, 27.669595782073813], [180.8646748681898, 27.669595782073813]], [[294.24253075571175, 14.509666080843585], [339.45869947275924, 14.509666080843585], [339.45869947275924, 26.994727592267136], [294.24253075571175, 26.994727592267136]], [[387.54305799648506, 15.353251318101934], [454.8611599297012, 15.353251318101934], [454.8611599297012, 28.850615114235502], [387.54305799648506, 28.850615114235502]], [[282.26362038664325, 40.154657293497365], [349.41300527240776, 40.154657293497365], [349.41300527240776, 53.31458699472759], [282.26362038664325, 53.31458699472759]], [[404.24604569420035, 41.335676625659055], [438.15817223198593, 41.335676625659055], [438.15817223198593, 53.48330404217926], [404.24604569420035, 53.48330404217926]], [[388.89279437609844, 68.8365553602812], [451.31810193321616, 68.8365553602812], [451.31810193321616, 83.00878734622144], [388.89279437609844, 83.00878734622144]], [[409.98242530755715, 101.23022847100177], [426.68541300527244, 101.23022847100177], [426.68541300527244, 112.53427065026362], [409.98242530755715, 112.53427065026362]], [[410.82601054481546, 133.792618629174], [425.5043936731107, 133.792618629174], [425.5043936731107, 145.4340949033392], [410.82601054481546, 145.4340949033392]], [[408.2952548330404, 166.18629173989456], [424.6608084358524, 166.18629173989456], [424.6608084358524, 176.4780316344464], [408.2952548330404, 176.4780316344464]], [[281.58875219683654, 67.99297012302284], [345.701230228471, 67.99297012302284], [345.701230228471, 81.82776801405976], [281.58875219683654, 81.82776801405976]], [[304.7029876977153, 99.20562390158173], [321.0685413005273, 99.20562390158173], [321.0685413005273, 112.36555360281196], [304.7029876977153, 112.36555360281196]], [[303.859402460457, 131.4305799648506], [319.55008787346225, 131.4305799648506], [319.55008787346225, 143.0720562390158], [303.859402460457, 143.0720562390158]], [[303.859402460457, 163.31810193321618], [318.87521968365553, 163.31810193321618], [318.87521968365553, 173.44112478031636], [303.859402460457, 173.44112478031636]], [[205.66608084358523, 131.93673110720562], [217.30755711775043, 131.93673110720562], [217.30755711775043, 138.8541300527241], [205.66608084358523, 138.8541300527241]], [[204.8224956063269, 163.8242530755712], [218.31985940246045, 163.8242530755712], [218.31985940246045, 170.9103690685413], [204.8224956063269, 170.9103690685413]], [[204.48506151142357, 100.21792618629175], [220.51318101933217, 100.21792618629175], [220.51318101933217, 110.50966608084359], [204.48506151142357, 110.50966608084359]], [[194.02460456942003, 67.65553602811951], [231.81722319859404, 67.65553602811951], [231.81722319859404, 81.49033391915641], [194.02460456942003, 81.49033391915641]], [[196.55536028119508, 40.99824253075571], [230.46748681898066, 40.99824253075571], [230.46748681898066, 52.977152899824254], [196.55536028119508, 52.977152899824254]], [[108.99121265377856, 69.51142355008787], [120.63268892794376, 69.51142355008787], [120.63268892794376, 76.091388400703], [108.99121265377856, 76.091388400703]], [[109.49736379613357, 99.20562390158173], [119.45166959578208, 99.20562390158173], [119.45166959578208, 106.12302284710017], [109.49736379613357, 106.12302284710017]], [[107.97891036906854, 129.23725834797892], [118.94551845342707, 129.23725834797892], [118.94551845342707, 138.6854130052724], [107.97891036906854, 138.6854130052724]], 